Plan ID,Day,Exercise Name,Muscle Group,Workout Type,Fitness Level,Equipment Needed,Sets,Reps,Rest Time (seconds),Duration (minutes),AI Category,Intensity,Superset/Regular,Calories Burned,Workout Notes
1,1,Dumbbell Jumping Jacks,Full-Body,Cardio,Beginner,Dumbbell,3,15,30,10,Cardio + Beginner + Dumbbell,1,No,100,Warm up with light movements.
1,1,Dumbbell Squats,Legs,Cardio,Beginner,Dumbbell,3,15,30,10,Cardio + Beginner + Dumbbell,1,No,100,Focus on form.
1,1,Dumbbell Lunges,Legs,Cardio,Beginner,Dumbbell,3,15,30,10,Cardio + Beginner + Dumbbell,1,No,100,Keep weights light.
1,1,Dumbbell Push-Ups,Chest,Cardio,Beginner,Dumbbell,3,15,30,10,Cardio + Beginner + Dumbbell,1,No,100,Modify if needed.
1,1,Dumbbell Rows,Back,Cardio,Beginner,Dumbbell,3,15,30,10,Cardio + Beginner + Dumbbell,1,No,100,Control the movement.
1,2,Dumbbell 4 Knees,Full-Body,Cardio,Beginner,Dumbbell,3,15,30,10,Cardio + Beginner + Dumbbell,1,No,100,Engage core.
1,2,Dumbbell Deadlifts,Legs,Cardio,Beginner,Dumbbell,3,15,30,10,Cardio + Beginner + Dumbbell,1,No,100,Keep back straight.
1,2,Dumbbell Shoulder Press,Shoulders,Cardio,Beginner,Dumbbell,3,15,30,10,Cardio + Beginner + Dumbbell,1,No,100,Use controlled motion.
1,2,Dumbbell Bicep Curls,Arms,Cardio,Beginner,Dumbbell,3,15,30,10,Cardio + Beginner + Dumbbell,1,No,100,Focus on biceps.
1,2,Dumbbell Plank,Core,Cardio,Beginner,Dumbbell,3,30,30,10,Cardio + Beginner + Dumbbell,1,No,100,Hold for 30 seconds.
1,3,Dumbbell Burpees,Full-Body,Cardio,Beginner,Dumbbell,3,15,30,10,Cardio + Beginner + Dumbbell,1,No,100,Start s1.
1,3,Dumbbell Step-Ups,Legs,Cardio,Beginner,Dumbbell,3,15,30,10,Cardio + Beginner + Dumbbell,1,No,100,Use a stable platform.
1,3,Dumbbell Chest Press,Chest,Cardio,Beginner,Dumbbell,3,15,30,10,Cardio + Beginner + Dumbbell,1,No,100,Keep elbows close.
1,3,Dumbbell Lat Pulldowns,Back,Cardio,Beginner,Dumbbell,3,15,30,10,Cardio + Beginner + Dumbbell,1,No,100,Use a resistance band.
1,3,Dumbbell Side Plank,Core,Cardio,Beginner,Dumbbell,3,30,30,10,Cardio + Beginner + Dumbbell,1,No,100,Hold for 30 seconds on each side.
1,4,Dumbbell Mountain Climbers,Full-Body,Cardio,Beginner,Dumbbell,3,15,30,10,Cardio + Beginner + Dumbbell,1,No,100,Engage core.
1,4,Dumbbell Bulgarian Split Squats,Legs,Cardio,Beginner,Dumbbell,3,15,30,10,Cardio + Beginner + Dumbbell,1,No,100,Use a bench.
1,4,Dumbbell Incline Bench Press,Chest,Cardio,Beginner,Dumbbell,3,15,30,10,Cardio + Beginner + Dumbbell,1,No,100,Use an incline bench.
1,4,Dumbbell Bent Over Rows,Back,Cardio,Beginner,Dumbbell,3,15,30,10,Cardio + Beginner + Dumbbell,1,No,100,Keep back flat.
1,4,Dumbbell Russian Twists,Core,Cardio,Beginner,Dumbbell,3,30,30,10,Cardio + Beginner + Dumbbell,1,No,100,Control the twist.
1,5,Dumbbell Jump Rope,Full-Body,Cardio,Beginner,Dumbbell,3,15,30,10,Cardio + Beginner + Dumbbell,1,No,100,Simulate jump rope.
1,5,Dumbbell Single Leg Deadlifts,Legs,Cardio,Beginner,Dumbbell,3,15,30,10,Cardio + Beginner + Dumbbell,1,No,100,Keep balance.
1,5,Dumbbell Decline Push-Ups,Chest,Cardio,Beginner,Dumbbell,3,15,30,10,Cardio + Beginner + Dumbbell,1,No,100,Use a bench.
1,5,Dumbbell Face Pulls,Shoulders,Cardio,Beginner,Dumbbell,3,15,30,10,Cardio + Beginner + Dumbbell,1,No,100,Use a resistance band.
1,5,Dumbbell Bicycle Crunches,Core,Cardio,Beginner,Dumbbell,3,30,30,10,Cardio + Beginner + Dumbbell,1,No,100,Control the motion.
1,6,Dumbbell Box Jumps,Full-Body,Cardio,Beginner,Dumbbell,3,15,30,10,Cardio + Beginner + Dumbbell,1,No,100,Use a stable box.
1,6,Dumbbell Glute Bridges,Legs,Cardio,Beginner,Dumbbell,3,15,30,10,Cardio + Beginner + Dumbbell,1,No,100,Engage glutes.
1,6,Dumbbell Dips,Triceps,Cardio,Beginner,Dumbbell,3,15,30,10,Cardio + Beginner + Dumbbell,1,No,100,Use parallel bars.
1,6,Dumbbell Reverse Fly,Shoulders,Cardio,Beginner,Dumbbell,3,15,30,10,Cardio + Beginner + Dumbbell,1,No,100,Control the movement.
1,6,Dumbbell Leg Raises,Core,Cardio,Beginner,Dumbbell,3,30,30,10,Cardio + Beginner + Dumbbell,1,No,100,Keep legs straight.
1,7,Dumbbell Skaters,Full-Body,Cardio,Beginner,Dumbbell,3,15,30,10,Cardio + Beginner + Dumbbell,1,No,100,Engage core.
1,7,Dumbbell Wall Sit,Legs,Cardio,Beginner,Dumbbell,3,30,30,10,Cardio + Beginner + Dumbbell,1,No,100,Hold for 30 seconds.
1,7,Dumbbell Cable Fly,Chest,Cardio,Beginner,Dumbbell,3,15,30,10,Cardio + Beginner + Dumbbell,1,No,100,Use a cable machine.
1,7,Dumbbell Seated Rows,Back,Cardio,Beginner,Dumbbell,3,15,30,10,Cardio + Beginner + Dumbbell,1,No,100,Use a resistance band.
1,7,Dumbbell Plank with Leg Lift,Core,Cardio,Beginner,Dumbbell,3,30,30,10,Cardio + Beginner + Dumbbell,1,No,100,Lift one leg at a time.

2,1,Resistance Band Jumping Jacks,Full-Body,Cardio,Beginner,Resistance Band,3,15,30,10,Cardio + Beginner + Resistance Band,2,No,100,Warm up with light movements.
2,1,Resistance Band Squats,Legs,Cardio,Beginner,Resistance Band,3,15,30,10,Cardio + Beginner + Resistance Band,2,No,100,Focus on form.
2,1,Resistance Band Lunges,Legs,Cardio,Beginner,Resistance Band,3,15,30,10,Cardio + Beginner + Resistance Band,2,No,100,Keep band taut.
2,1,Resistance Band Push-Ups,Chest,Cardio,Beginner,Resistance Band,3,15,30,10,Cardio + Beginner + Resistance Band,2,No,100,Modify if needed.
2,1,Resistance Band Rows,Back,Cardio,Beginner,Resistance Band,3,15,30,10,Cardio + Beginner + Resistance Band,2,No,100,Control the movement.
2,2,Resistance Band 5 Knees,Full-Body,Cardio,Beginner,Resistance Band,3,15,30,10,Cardio + Beginner + Resistance Band,2,No,100,Engage core.
2,2,Resistance Band Deadlifts,Legs,Cardio,Beginner,Resistance Band,3,15,30,10,Cardio + Beginner + Resistance Band,2,No,100,Keep back straight.
2,2,Resistance Band Shoulder Press,Shoulders,Cardio,Beginner,Resistance Band,3,15,30,10,Cardio + Beginner + Resistance Band,2,No,100,Use controlled motion.
2,2,Resistance Band Bicep Curls,Arms,Cardio,Beginner,Resistance Band,3,15,30,10,Cardio + Beginner + Resistance Band,2,No,100,Focus on biceps.
2,2,Resistance Band Plank,Core,Cardio,Beginner,Resistance Band,3,30,30,10,Cardio + Beginner + Resistance Band,2,No,100,Hold for 30 seconds.
2,3,Resistance Band Burpees,Full-Body,Cardio,Beginner,Resistance Band,3,15,30,10,Cardio + Beginner + Resistance Band,2,No,100,Start s2.
2,3,Resistance Band Step-Ups,Legs,Cardio,Beginner,Resistance Band,3,15,30,10,Cardio + Beginner + Resistance Band,2,No,100,Use a stable platform.
2,3,Resistance Band Chest Press,Chest,Cardio,Beginner,Resistance Band,3,15,30,10,Cardio + Beginner + Resistance Band,2,No,100,Keep elbows close.
2,3,Resistance Band Lat Pulldowns,Back,Cardio,Beginner,Resistance Band,3,15,30,10,Cardio + Beginner + Resistance Band,2,No,100,Use a resistance band.
2,3,Resistance Band Side Plank,Core,Cardio,Beginner,Resistance Band,3,30,30,10,Cardio + Beginner + Resistance Band,2,No,100,Hold for 30 seconds on each side.
2,4,Resistance Band Mountain Climbers,Full-Body,Cardio,Beginner,Resistance Band,3,15,30,10,Cardio + Beginner + Resistance Band,2,No,100,Engage core.
2,4,Resistance Band Bulgarian Split Squats,Legs,Cardio,Beginner,Resistance Band,3,15,30,10,Cardio + Beginner + Resistance Band,2,No,100,Use a bench.
2,4,Resistance Band Incline Bench Press,Chest,Cardio,Beginner,Resistance Band,3,15,30,10,Cardio + Beginner + Resistance Band,2,No,100,Use an incline bench.
2,4,Resistance Band Bent Over Rows,Back,Cardio,Beginner,Resistance Band,3,15,30,10,Cardio + Beginner + Resistance Band,2,No,100,Keep back flat.
2,4,Resistance Band Russian Twists,Core,Cardio,Beginner,Resistance Band,3,30,30,10,Cardio + Beginner + Resistance Band,2,No,100,Control the twist.
2,5,Resistance Band Jump Rope,Full-Body,Cardio,Beginner,Resistance Band,3,15,30,10,Cardio + Beginner + Resistance Band,2,No,100,Simulate jump rope.
2,5,Resistance Band Single Leg Deadlifts,Legs,Cardio,Beginner,Resistance Band,3,15,30,10,Cardio + Beginner + Resistance Band,2,No,100,Keep balance.
2,5,Resistance Band Decline Push-Ups,Chest,Cardio,Beginner,Resistance Band,3,15,30,10,Cardio + Beginner + Resistance Band,2,No,100,Use a bench.
2,5,Resistance Band Face Pulls,Shoulders,Cardio,Beginner,Resistance Band,3,15,30,10,Cardio + Beginner + Resistance Band,2,No,100,Use a resistance band.
2,5,Resistance Band Bicycle Crunches,Core,Cardio,Beginner,Resistance Band,3,30,30,10,Cardio + Beginner + Resistance Band,2,No,100,Control the motion.
2,6,Resistance Band Box Jumps,Full-Body,Cardio,Beginner,Resistance Band,3,15,30,10,Cardio + Beginner + Resistance Band,2,No,100,Use a stable box.
2,6,Resistance Band Glute Bridges,Legs,Cardio,Beginner,Resistance Band,3,15,30,10,Cardio + Beginner + Resistance Band,2,No,100,Engage glutes.
2,6,Resistance Band Dips,Triceps,Cardio,Beginner,Resistance Band,3,15,30,10,Cardio + Beginner + Resistance Band,2,No,100,Use parallel bars.
2,6,Resistance Band Reverse Fly,Shoulders,Cardio,Beginner,Resistance Band,3,15,30,10,Cardio + Beginner + Resistance Band,2,No,100,Control the movement.
2,6,Resistance Band Leg Raises,Core,Cardio,Beginner,Resistance Band,3,30,30,10,Cardio + Beginner + Resistance Band,2,No,100,Keep legs straight.
2,7,Resistance Band Skaters,Full-Body,Cardio,Beginner,Resistance Band,3,15,30,10,Cardio + Beginner + Resistance Band,2,No,100,Engage core.
2,7,Resistance Band Wall Sit,Legs,Cardio,Beginner,Resistance Band,3,30,30,10,Cardio + Beginner + Resistance Band,2,No,100,Hold for 30 seconds.
2,7,Resistance Band Cable Fly,Chest,Cardio,Beginner,Resistance Band,3,15,30,10,Cardio + Beginner + Resistance Band,2,No,100,Use a cable machine.
2,7,Resistance Band Seated Rows,Back,Cardio,Beginner,Resistance Band,3,15,30,10,Cardio + Beginner + Resistance Band,2,No,100,Use a resistance band.
2,7,Resistance Band Plank with Leg Lift,Core,Cardio,Beginner,Resistance Band,3,30,30,10,Cardio + Beginner + Resistance Band,2,No,100,Lift one leg at a time.

3,1,Treadmill Walking,Full-Body,Cardio,Beginner,Treadmill,3,15,30,10,Cardio + Beginner + Treadmill,2,No,100,Warm up with a light walk.
3,1,Treadmill Incline Walk,Legs,Cardio,Beginner,Treadmill,3,15,30,10,Cardio + Beginner + Treadmill,2,No,100,Increase incline gradually.
3,1,Treadmill Jogging,Full-Body,Cardio,Beginner,Treadmill,3,15,30,10,Cardio + Beginner + Treadmill,2,No,100,Start with a s2 jog.
3,1,Treadmill Interval Walking,Legs,Cardio,Beginner,Treadmill,3,15,30,10,Cardio + Beginner + Treadmill,2,No,100,Alternate between walking and jogging.
3,1,Treadmill Cool Down,Full-Body,Cardio,Beginner,Treadmill,3,15,30,10,Cardio + Beginner + Treadmill,2,No,100,S2 down to a walk.
3,2,Treadmill Hill Walking,Full-Body,Cardio,Beginner,Treadmill,3,15,30,10,Cardio + Beginner + Treadmill,2,No,100,Engage glutes and hamstrings.
3,2,Treadmill Steady State Jog,Legs,Cardio,Beginner,Treadmill,3,15,30,10,Cardio + Beginner + Treadmill,2,No,100,Maintain a steady pace.
3,2,Treadmill Interval Jogging,Full-Body,Cardio,Beginner,Treadmill,3,15,30,10,Cardio + Beginner + Treadmill,2,No,100,Alternate between jogging and walking.
3,2,Treadmill Incline Jogging,Legs,Cardio,Beginner,Treadmill,3,15,30,10,Cardio + Beginner + Treadmill,2,No,100,Increase incline gradually.
3,2,Treadmill Cool Down Walk,Full-Body,Cardio,Beginner,Treadmill,3,15,30,10,Cardio + Beginner + Treadmill,2,No,100,S2 down to a walk.
3,3,Treadmill Hill Sprints,Full-Body,Cardio,Beginner,Treadmill,3,15,30,10,Cardio + Beginner + Treadmill,2,No,100,Increase incline gradually.
3,3,Treadmill Steady State Jog,Legs,Cardio,Beginner,Treadmill,3,15,30,10,Cardio + Beginner + Treadmill,2,No,100,Maintain a steady pace.
3,3,Treadmill Interval Jogging,Full-Body,Cardio,Beginner,Treadmill,3,15,30,10,Cardio + Beginner + Treadmill,2,No,100,Alternate between jogging and walking.
3,3,Treadmill Incline Jogging,Legs,Cardio,Beginner,Treadmill,3,15,30,10,Cardio + Beginner + Treadmill,2,No,100,Increase incline gradually.
3,3,Treadmill Cool Down Walk,Full-Body,Cardio,Beginner,Treadmill,3,15,30,10,Cardio + Beginner + Treadmill,2,No,100,S2 down to a walk.
3,4,Treadmill Hill Sprints,Full-Body,Cardio,Beginner,Treadmill,3,15,30,10,Cardio + Beginner + Treadmill,2,No,100,Increase incline gradually.
3,4,Treadmill Steady State Jog,Legs,Cardio,Beginner,Treadmill,3,15,30,10,Cardio + Beginner + Treadmill,2,No,100,Maintain a steady pace.
3,4,Treadmill Interval Jogging,Full-Body,Cardio,Beginner,Treadmill,3,15,30,10,Cardio + Beginner + Treadmill,2,No,100,Alternate between jogging and walking.
3,4,Treadmill Incline Jogging,Legs,Cardio,Beginner,Treadmill,3,15,30,10,Cardio + Beginner + Treadmill,2,No,100,Increase incline gradually.
3,4,Treadmill Cool Down Walk,Full-Body,Cardio,Beginner,Treadmill,3,15,30,10,Cardio + Beginner + Treadmill,2,No,100,S2 down to a walk.
3,5,Treadmill Hill Sprints,Full-Body,Cardio,Beginner,Treadmill,3,15,30,10,Cardio + Beginner + Treadmill,2,No,100,Increase incline gradually.
3,5,Treadmill Steady State Jog,Legs,Cardio,Beginner,Treadmill,3,15,30,10,Cardio + Beginner + Treadmill,2,No,100,Maintain a steady pace.
3,5,Treadmill Interval Jogging,Full-Body,Cardio,Beginner,Treadmill,3,15,30,10,Cardio + Beginner + Treadmill,2,No,100,Alternate between jogging and walking.
3,5,Treadmill Incline Jogging,Legs,Cardio,Beginner,Treadmill,3,15,30,10,Cardio + Beginner + Treadmill,2,No,100,Increase incline gradually.
3,5,Treadmill Cool Down Walk,Full-Body,Cardio,Beginner,Treadmill,3,15,30,10,Cardio + Beginner + Treadmill,2,No,100,S2 down to a walk.
3,6,Treadmill Hill Sprints,Full-Body,Cardio,Beginner,Treadmill,3,15,30,10,Cardio + Beginner + Treadmill,2,No,100,Increase incline gradually.
3,6,Treadmill Steady State Jog,Legs,Cardio,Beginner,Treadmill,3,15,30,10,Cardio + Beginner + Treadmill,2,No,100,Maintain a steady pace.
3,6,Treadmill Interval Jogging,Full-Body,Cardio,Beginner,Treadmill,3,15,30,10,Cardio + Beginner + Treadmill,2,No,100,Alternate between jogging and walking.
3,6,Treadmill Incline Jogging,Legs,Cardio,Beginner,Treadmill,3,15,30,10,Cardio + Beginner + Treadmill,2,No,100,Increase incline gradually.
3,6,Treadmill Cool Down Walk,Full-Body,Cardio,Beginner,Treadmill,3,15,30,10,Cardio + Beginner + Treadmill,2,No,100,S2 down to a walk.
3,7,Treadmill Hill Sprints,Full-Body,Cardio,Beginner,Treadmill,3,15,30,10,Cardio + Beginner + Treadmill,2,No,100,Increase incline gradually.
3,7,Treadmill Steady State Jog,Legs,Cardio,Beginner,Treadmill,3,15,30,10,Cardio + Beginner + Treadmill,2,No,100,Maintain a steady pace.
3,7,Treadmill Interval Jogging,Full-Body,Cardio,Beginner,Treadmill,3,15,30,10,Cardio + Beginner + Treadmill,2,No,100,Alternate between jogging and walking.
3,7,Treadmill Incline Jogging,Legs,Cardio,Beginner,Treadmill,3,15,30,10,Cardio + Beginner + Treadmill,2,No,100,Increase incline gradually.
3,7,Treadmill Cool Down Walk,Full-Body,Cardio,Beginner,Treadmill,3,15,30,10,Cardio + Beginner + Treadmill,2,No,100,S2 down to a walk.

4,1,Jumping Jacks,Full-Body,Cardio,Beginner,None,3,15,30,10,Cardio + Beginner + None,2,No,100,Warm up with light movements.
4,1,Squats,Legs,Cardio,Beginner,None,3,15,30,10,Cardio + Beginner + None,2,No,100,Focus on form.
4,1,Lunges,Legs,Cardio,Beginner,None,3,15,30,10,Cardio + Beginner + None,2,No,100,Keep balance.
4,1,Push-Ups,Chest,Cardio,Beginner,None,3,15,30,10,Cardio + Beginner + None,2,No,100,Modify if needed.
4,1,Rows,Back,Cardio,Beginner,None,3,15,30,10,Cardio + Beginner + None,2,No,100,Control the movement.
4,2,5 Knees,Full-Body,Cardio,Beginner,None,3,15,30,10,Cardio + Beginner + None,2,No,100,Engage core.
4,2,Deadlifts,Legs,Cardio,Beginner,None,3,15,30,10,Cardio + Beginner + None,2,No,100,Keep back straight.
4,2,Shoulder Press,Shoulders,Cardio,Beginner,None,3,15,30,10,Cardio + Beginner + None,2,No,100,Use controlled motion.
4,2,Bicep Curls,Arms,Cardio,Beginner,None,3,15,30,10,Cardio + Beginner + None,2,No,100,Focus on biceps.
4,2,Plank,Core,Cardio,Beginner,None,3,30,30,10,Cardio + Beginner + None,2,No,100,Hold for 30 seconds.
4,3,Burpees,Full-Body,Cardio,Beginner,None,3,15,30,10,Cardio + Beginner + None,2,No,100,Start s2.
4,3,Step-Ups,Legs,Cardio,Beginner,None,3,15,30,10,Cardio + Beginner + None,2,No,100,Use a stable platform.
4,3,Chest Press,Chest,Cardio,Beginner,None,3,15,30,10,Cardio + Beginner + None,2,No,100,Keep elbows close.
4,3,Lat Pulldowns,Back,Cardio,Beginner,None,3,15,30,10,Cardio + Beginner + None,2,No,100,Use a resistance band.
4,3,Side Plank,Core,Cardio,Beginner,None,3,30,30,10,Cardio + Beginner + None,2,No,100,Hold for 30 seconds on each side.
4,4,Mountain Climbers,Full-Body,Cardio,Beginner,None,3,15,30,10,Cardio + Beginner + None,2,No,100,Engage core.
4,4,Bulgarian Split Squats,Legs,Cardio,Beginner,None,3,15,30,10,Cardio + Beginner + None,2,No,100,Use a bench.
4,4,Incline Bench Press,Chest,Cardio,Beginner,None,3,15,30,10,Cardio + Beginner + None,2,No,100,Use an incline bench.
4,4,Bent Over Rows,Back,Cardio,Beginner,None,3,15,30,10,Cardio + Beginner + None,2,No,100,Keep back flat.
4,4,Russian Twists,Core,Cardio,Beginner,None,3,30,30,10,Cardio + Beginner + None,2,No,100,Control the twist.
4,5,Jump Rope,Full-Body,Cardio,Beginner,None,3,15,30,10,Cardio + Beginner + None,2,No,100,Simulate jump rope.
4,5,Single Leg Deadlifts,Legs,Cardio,Beginner,None,3,15,30,10,Cardio + Beginner + None,2,No,100,Keep balance.
4,5,Decline Push-Ups,Chest,Cardio,Beginner,None,3,15,30,10,Cardio + Beginner + None,2,No,100,Use a bench.
4,5,Face Pulls,Shoulders,Cardio,Beginner,None,3,15,30,10,Cardio + Beginner + None,2,No,100,Use a resistance band.
4,5,Bicycle Crunches,Core,Cardio,Beginner,None,3,30,30,10,Cardio + Beginner + None,2,No,100,Control the motion.
4,6,Box Jumps,Full-Body,Cardio,Beginner,None,3,15,30,10,Cardio + Beginner + None,2,No,100,Use a stable box.
4,6,Glute Bridges,Legs,Cardio,Beginner,None,3,15,30,10,Cardio + Beginner + None,2,No,100,Engage glutes.
4,6,Dips,Triceps,Cardio,Beginner,None,3,15,30,10,Cardio + Beginner + None,2,No,100,Use parallel bars.
4,6,Reverse Fly,Shoulders,Cardio,Beginner,None,3,15,30,10,Cardio + Beginner + None,2,No,100,Control the movement.
4,6,Leg Raises,Core,Cardio,Beginner,None,3,30,30,10,Cardio + Beginner + None,2,No,100,Keep legs straight.
4,7,Skaters,Full-Body,Cardio,Beginner,None,3,15,30,10,Cardio + Beginner + None,2,No,100,Engage core.
4,7,Wall Sit,Legs,Cardio,Beginner,None,3,30,30,10,Cardio + Beginner + None,2,No,100,Hold for 30 seconds.
4,7,Cable Fly,Chest,Cardio,Beginner,None,3,15,30,10,Cardio + Beginner + None,2,No,100,Use a cable machine.
4,7,Seated Rows,Back,Cardio,Beginner,None,3,15,30,10,Cardio + Beginner + None,2,No,100,Use a resistance band.
4,7,Plank with Leg Lift,Core,Cardio,Beginner,None,3,30,30,10,Cardio + Beginner + None,2,No,100,Lift one leg at a time.

5,1,Dumbbell Jumping Jacks,Full-Body,Cardio,Intermediate,Dumbbell,4,15,30,10,Cardio + Intermediate + Dumbbell,4,No,150,Warm up with light movements.
5,1,Dumbbell Squats,Legs,Cardio,Intermediate,Dumbbell,4,15,30,10,Cardio + Intermediate + Dumbbell,4,No,150,Focus on form.
5,1,Dumbbell Lunges,Legs,Cardio,Intermediate,Dumbbell,4,15,30,10,Cardio + Intermediate + Dumbbell,4,No,150,Keep weights moderate.
5,1,Dumbbell Push-Ups,Chest,Cardio,Intermediate,Dumbbell,4,15,30,10,Cardio + Intermediate + Dumbbell,4,No,150,Modify if needed.
5,1,Dumbbell Rows,Back,Cardio,Intermediate,Dumbbell,4,15,30,10,Cardio + Intermediate + Dumbbell,4,No,150,Control the movement.
5,2,Dumbbell 5 Knees,Full-Body,Cardio,Intermediate,Dumbbell,4,15,30,10,Cardio + Intermediate + Dumbbell,4,No,150,Engage core.
5,2,Dumbbell Deadlifts,Legs,Cardio,Intermediate,Dumbbell,4,15,30,10,Cardio + Intermediate + Dumbbell,4,No,150,Keep back straight.
5,2,Dumbbell Shoulder Press,Shoulders,Cardio,Intermediate,Dumbbell,4,15,30,10,Cardio + Intermediate + Dumbbell,4,No,150,Use controlled motion.
5,2,Dumbbell Bicep Curls,Arms,Cardio,Intermediate,Dumbbell,4,15,30,10,Cardio + Intermediate + Dumbbell,4,No,150,Focus on biceps.
5,2,Dumbbell Plank,Core,Cardio,Intermediate,Dumbbell,4,30,30,10,Cardio + Intermediate + Dumbbell,4,No,150,Hold for 30 seconds.
5,3,Dumbbell Burpees,Full-Body,Cardio,Intermediate,Dumbbell,4,15,30,10,Cardio + Intermediate + Dumbbell,4,No,150,Start s3.
5,3,Dumbbell Step-Ups,Legs,Cardio,Intermediate,Dumbbell,4,15,30,10,Cardio + Intermediate + Dumbbell,4,No,150,Use a stable platform.
5,3,Dumbbell Chest Press,Chest,Cardio,Intermediate,Dumbbell,4,15,30,10,Cardio + Intermediate + Dumbbell,4,No,150,Keep elbows close.
5,3,Dumbbell Lat Pulldowns,Back,Cardio,Intermediate,Dumbbell,4,15,30,10,Cardio + Intermediate + Dumbbell,4,No,150,Use a resistance band.
5,3,Dumbbell Side Plank,Core,Cardio,Intermediate,Dumbbell,4,30,30,10,Cardio + Intermediate + Dumbbell,4,No,150,Hold for 30 seconds on each side.
5,4,Dumbbell Mountain Climbers,Full-Body,Cardio,Intermediate,Dumbbell,4,15,30,10,Cardio + Intermediate + Dumbbell,4,No,150,Engage core.
5,4,Dumbbell Bulgarian Split Squats,Legs,Cardio,Intermediate,Dumbbell,4,15,30,10,Cardio + Intermediate + Dumbbell,4,No,150,Use a bench.
5,4,Dumbbell Incline Bench Press,Chest,Cardio,Intermediate,Dumbbell,4,15,30,10,Cardio + Intermediate + Dumbbell,4,No,150,Use an incline bench.
5,4,Dumbbell Bent Over Rows,Back,Cardio,Intermediate,Dumbbell,4,15,30,10,Cardio + Intermediate + Dumbbell,4,No,150,Keep back flat.
5,4,Dumbbell Russian Twists,Core,Cardio,Intermediate,Dumbbell,4,30,30,10,Cardio + Intermediate + Dumbbell,4,No,150,Control the twist.
5,5,Dumbbell Jump Rope,Full-Body,Cardio,Intermediate,Dumbbell,4,15,30,10,Cardio + Intermediate + Dumbbell,4,No,150,Simulate jump rope.
5,5,Dumbbell Single Leg Deadlifts,Legs,Cardio,Intermediate,Dumbbell,4,15,30,10,Cardio + Intermediate + Dumbbell,4,No,150,Keep balance.
5,5,Dumbbell Decline Push-Ups,Chest,Cardio,Intermediate,Dumbbell,4,15,30,10,Cardio + Intermediate + Dumbbell,4,No,150,Use a bench.
5,5,Dumbbell Face Pulls,Shoulders,Cardio,Intermediate,Dumbbell,4,15,30,10,Cardio + Intermediate + Dumbbell,4,No,150,Use a resistance band.
5,5,Dumbbell Bicycle Crunches,Core,Cardio,Intermediate,Dumbbell,4,30,30,10,Cardio + Intermediate + Dumbbell,4,No,150,Control the motion.
5,6,Dumbbell Box Jumps,Full-Body,Cardio,Intermediate,Dumbbell,4,15,30,10,Cardio + Intermediate + Dumbbell,4,No,150,Use a stable box.
5,6,Dumbbell Glute Bridges,Legs,Cardio,Intermediate,Dumbbell,4,15,30,10,Cardio + Intermediate + Dumbbell,4,No,150,Engage glutes.
5,6,Dumbbell Dips,Triceps,Cardio,Intermediate,Dumbbell,4,15,30,10,Cardio + Intermediate + Dumbbell,4,No,150,Use parallel bars.
5,6,Dumbbell Reverse Fly,Shoulders,Cardio,Intermediate,Dumbbell,4,15,30,10,Cardio + Intermediate + Dumbbell,4,No,150,Control the movement.
5,6,Dumbbell Leg Raises,Core,Cardio,Intermediate,Dumbbell,4,30,30,10,Cardio + Intermediate + Dumbbell,4,No,150,Keep legs straight.
5,7,Dumbbell Skaters,Full-Body,Cardio,Intermediate,Dumbbell,4,15,30,10,Cardio + Intermediate + Dumbbell,4,No,150,Engage core.
5,7,Dumbbell Wall Sit,Legs,Cardio,Intermediate,Dumbbell,4,30,30,10,Cardio + Intermediate + Dumbbell,4,No,150,Hold for 30 seconds.
5,7,Dumbbell Cable Fly,Chest,Cardio,Intermediate,Dumbbell,4,15,30,10,Cardio + Intermediate + Dumbbell,4,No,150,Use a cable machine.
5,7,Dumbbell Seated Rows,Back,Cardio,Intermediate,Dumbbell,4,15,30,10,Cardio + Intermediate + Dumbbell,4,No,150,Use a resistance band.
5,7,Dumbbell Plank with Leg Lift,Core,Cardio,Intermediate,Dumbbell,4,30,30,10,Cardio + Intermediate + Dumbbell,4,No,150,Lift one leg at a time.

6,1,Resistance Band Jumping Jacks,Full-Body,Cardio,Intermediate,Resistance Band,4,15,30,10,Cardio + Intermediate + Resistance Band,4,No,150,Warm up with light movements.
6,1,Resistance Band Squats,Legs,Cardio,Intermediate,Resistance Band,4,15,30,10,Cardio + Intermediate + Resistance Band,4,No,150,Focus on form.
6,1,Resistance Band Lunges,Legs,Cardio,Intermediate,Resistance Band,4,15,30,10,Cardio + Intermediate + Resistance Band,4,No,150,Keep band taut.
6,1,Resistance Band Push-Ups,Chest,Cardio,Intermediate,Resistance Band,4,15,30,10,Cardio + Intermediate + Resistance Band,4,No,150,Modify if needed.
6,1,Resistance Band Rows,Back,Cardio,Intermediate,Resistance Band,4,15,30,10,Cardio + Intermediate + Resistance Band,4,No,150,Control the movement.
6,2,Resistance Band 5 Knees,Full-Body,Cardio,Intermediate,Resistance Band,4,15,30,10,Cardio + Intermediate + Resistance Band,4,No,150,Engage core.
6,2,Resistance Band Deadlifts,Legs,Cardio,Intermediate,Resistance Band,4,15,30,10,Cardio + Intermediate + Resistance Band,4,No,150,Keep back straight.
6,2,Resistance Band Shoulder Press,Shoulders,Cardio,Intermediate,Resistance Band,4,15,30,10,Cardio + Intermediate + Resistance Band,4,No,150,Use controlled motion.
6,2,Resistance Band Bicep Curls,Arms,Cardio,Intermediate,Resistance Band,4,15,30,10,Cardio + Intermediate + Resistance Band,4,No,150,Focus on biceps.
6,2,Resistance Band Plank,Core,Cardio,Intermediate,Resistance Band,4,30,30,10,Cardio + Intermediate + Resistance Band,4,No,150,Hold for 30 seconds.
6,3,Resistance Band Burpees,Full-Body,Cardio,Intermediate,Resistance Band,4,15,30,10,Cardio + Intermediate + Resistance Band,4,No,150,Start s3.
6,3,Resistance Band Step-Ups,Legs,Cardio,Intermediate,Resistance Band,4,15,30,10,Cardio + Intermediate + Resistance Band,4,No,150,Use a stable platform.
6,3,Resistance Band Chest Press,Chest,Cardio,Intermediate,Resistance Band,4,15,30,10,Cardio + Intermediate + Resistance Band,4,No,150,Keep elbows close.
6,3,Resistance Band Lat Pulldowns,Back,Cardio,Intermediate,Resistance Band,4,15,30,10,Cardio + Intermediate + Resistance Band,4,No,150,Use a resistance band.
6,3,Resistance Band Side Plank,Core,Cardio,Intermediate,Resistance Band,4,30,30,10,Cardio + Intermediate + Resistance Band,4,No,150,Hold for 30 seconds on each side.
6,4,Resistance Band Mountain Climbers,Full-Body,Cardio,Intermediate,Resistance Band,4,15,30,10,Cardio + Intermediate + Resistance Band,4,No,150,Engage core.
6,4,Resistance Band Bulgarian Split Squats,Legs,Cardio,Intermediate,Resistance Band,4,15,30,10,Cardio + Intermediate + Resistance Band,4,No,150,Use a bench.
6,4,Resistance Band Incline Bench Press,Chest,Cardio,Intermediate,Resistance Band,4,15,30,10,Cardio + Intermediate + Resistance Band,4,No,150,Use an incline bench.
6,4,Resistance Band Bent Over Rows,Back,Cardio,Intermediate,Resistance Band,4,15,30,10,Cardio + Intermediate + Resistance Band,4,No,150,Keep back flat.
6,4,Resistance Band Russian Twists,Core,Cardio,Intermediate,Resistance Band,4,30,30,10,Cardio + Intermediate + Resistance Band,4,No,150,Control the twist.
6,5,Resistance Band Jump Rope,Full-Body,Cardio,Intermediate,Resistance Band,4,15,30,10,Cardio + Intermediate + Resistance Band,4,No,150,Simulate jump rope.
6,5,Resistance Band Single Leg Deadlifts,Legs,Cardio,Intermediate,Resistance Band,4,15,30,10,Cardio + Intermediate + Resistance Band,4,No,150,Keep balance.
6,5,Resistance Band Decline Push-Ups,Chest,Cardio,Intermediate,Resistance Band,4,15,30,10,Cardio + Intermediate + Resistance Band,4,No,150,Use a bench.
6,5,Resistance Band Face Pulls,Shoulders,Cardio,Intermediate,Resistance Band,4,15,30,10,Cardio + Intermediate + Resistance Band,4,No,150,Use a resistance band.
6,5,Resistance Band Bicycle Crunches,Core,Cardio,Intermediate,Resistance Band,4,30,30,10,Cardio + Intermediate + Resistance Band,4,No,150,Control the motion.
6,6,Resistance Band Box Jumps,Full-Body,Cardio,Intermediate,Resistance Band,4,15,30,10,Cardio + Intermediate + Resistance Band,4,No,150,Use a stable box.
6,6,Resistance Band Glute Bridges,Legs,Cardio,Intermediate,Resistance Band,4,15,30,10,Cardio + Intermediate + Resistance Band,4,No,150,Engage glutes.
6,6,Resistance Band Dips,Triceps,Cardio,Intermediate,Resistance Band,4,15,30,10,Cardio + Intermediate + Resistance Band,4,No,150,Use parallel bars.
6,6,Resistance Band Reverse Fly,Shoulders,Cardio,Intermediate,Resistance Band,4,15,30,10,Cardio + Intermediate + Resistance Band,4,No,150,Control the movement.
6,6,Resistance Band Leg Raises,Core,Cardio,Intermediate,Resistance Band,4,30,30,10,Cardio + Intermediate + Resistance Band,4,No,150,Keep legs straight.
6,7,Resistance Band Skaters,Full-Body,Cardio,Intermediate,Resistance Band,4,15,30,10,Cardio + Intermediate + Resistance Band,4,No,150,Engage core.
6,7,Resistance Band Wall Sit,Legs,Cardio,Intermediate,Resistance Band,4,30,30,10,Cardio + Intermediate + Resistance Band,4,No,150,Hold for 30 seconds.
6,7,Resistance Band Cable Fly,Chest,Cardio,Intermediate,Resistance Band,4,15,30,10,Cardio + Intermediate + Resistance Band,4,No,150,Use a cable machine.
6,7,Resistance Band Seated Rows,Back,Cardio,Intermediate,Resistance Band,4,15,30,10,Cardio + Intermediate + Resistance Band,4,No,150,Use a resistance band.
6,7,Resistance Band Plank with Leg Lift,Core,Cardio,Intermediate,Resistance Band,4,30,30,10,Cardio + Intermediate + Resistance Band,4,No,150,Lift one leg at a time.

7,1,Treadmill Walking,Full-Body,Cardio,Intermediate,Treadmill,4,15,30,10,Cardio + Intermediate + Treadmill,4,No,150,Warm up with a light walk.
7,1,Treadmill Incline Walk,Legs,Cardio,Intermediate,Treadmill,4,15,30,10,Cardio + Intermediate + Treadmill,4,No,150,Increase incline gradually.
7,1,Treadmill Jogging,Full-Body,Cardio,Intermediate,Treadmill,4,15,30,10,Cardio + Intermediate + Treadmill,4,No,150,Start with a moderate jog.
7,1,Treadmill Interval Walking,Legs,Cardio,Intermediate,Treadmill,4,15,30,10,Cardio + Intermediate + Treadmill,4,No,150,Alternate between walking and jogging.
7,1,Treadmill Cool Down,Full-Body,Cardio,Intermediate,Treadmill,4,15,30,10,Cardio + Intermediate + Treadmill,4,No,150,S3 down to a walk.
7,2,Treadmill Hill Walking,Full-Body,Cardio,Intermediate,Treadmill,4,15,30,10,Cardio + Intermediate + Treadmill,4,No,150,Engage glutes and hamstrings.
7,2,Treadmill Steady State Jog,Legs,Cardio,Intermediate,Treadmill,4,15,30,10,Cardio + Intermediate + Treadmill,4,No,150,Maintain a steady pace.
7,2,Treadmill Interval Jogging,Full-Body,Cardio,Intermediate,Treadmill,4,15,30,10,Cardio + Intermediate + Treadmill,4,No,150,Alternate between jogging and walking.
7,2,Treadmill Incline Jogging,Legs,Cardio,Intermediate,Treadmill,4,15,30,10,Cardio + Intermediate + Treadmill,4,No,150,Increase incline gradually.
7,2,Treadmill Cool Down Walk,Full-Body,Cardio,Intermediate,Treadmill,4,15,30,10,Cardio + Intermediate + Treadmill,4,No,150,S3 down to a walk.
7,3,Treadmill Hill Sprints,Full-Body,Cardio,Intermediate,Treadmill,4,15,30,10,Cardio + Intermediate + Treadmill,4,No,150,Increase incline gradually.
7,3,Treadmill Steady State Jog,Legs,Cardio,Intermediate,Treadmill,4,15,30,10,Cardio + Intermediate + Treadmill,4,No,150,Maintain a steady pace.
7,3,Treadmill Interval Jogging,Full-Body,Cardio,Intermediate,Treadmill,4,15,30,10,Cardio + Intermediate + Treadmill,4,No,150,Alternate between jogging and walking.
7,3,Treadmill Incline Jogging,Legs,Cardio,Intermediate,Treadmill,4,15,30,10,Cardio + Intermediate + Treadmill,4,No,150,Increase incline gradually.
7,3,Treadmill Cool Down Walk,Full-Body,Cardio,Intermediate,Treadmill,4,15,30,10,Cardio + Intermediate + Treadmill,4,No,150,S3 down to a walk.
7,4,Treadmill Hill Sprints,Full-Body,Cardio,Intermediate,Treadmill,4,15,30,10,Cardio + Intermediate + Treadmill,4,No,150,Increase incline gradually.
7,4,Treadmill Steady State Jog,Legs,Cardio,Intermediate,Treadmill,4,15,30,10,Cardio + Intermediate + Treadmill,4,No,150,Maintain a steady pace.
7,4,Treadmill Interval Jogging,Full-Body,Cardio,Intermediate,Treadmill,4,15,30,10,Cardio + Intermediate + Treadmill,4,No,150,Alternate between jogging and walking.
7,4,Treadmill Incline Jogging,Legs,Cardio,Intermediate,Treadmill,4,15,30,10,Cardio + Intermediate + Treadmill,4,No,150,Increase incline gradually.
7,4,Treadmill Cool Down Walk,Full-Body,Cardio,Intermediate,Treadmill,4,15,30,10,Cardio + Intermediate + Treadmill,4,No,150,S3 down to a walk.
7,5,Treadmill Hill Sprints,Full-Body,Cardio,Intermediate,Treadmill,4,15,30,10,Cardio + Intermediate + Treadmill,4,No,150,Increase incline gradually.
7,5,Treadmill Steady State Jog,Legs,Cardio,Intermediate,Treadmill,4,15,30,10,Cardio + Intermediate + Treadmill,4,No,150,Maintain a steady pace.
7,5,Treadmill Interval Jogging,Full-Body,Cardio,Intermediate,Treadmill,4,15,30,10,Cardio + Intermediate + Treadmill,4,No,150,Alternate between jogging and walking.
7,5,Treadmill Incline Jogging,Legs,Cardio,Intermediate,Treadmill,4,15,30,10,Cardio + Intermediate + Treadmill,4,No,150,Increase incline gradually.
7,5,Treadmill Cool Down Walk,Full-Body,Cardio,Intermediate,Treadmill,4,15,30,10,Cardio + Intermediate + Treadmill,4,No,150,S3 down to a walk.
7,6,Treadmill Hill Sprints,Full-Body,Cardio,Intermediate,Treadmill,4,15,30,10,Cardio + Intermediate + Treadmill,4,No,150,Increase incline gradually.
7,6,Treadmill Steady State Jog,Legs,Cardio,Intermediate,Treadmill,4,15,30,10,Cardio + Intermediate + Treadmill,4,No,150,Maintain a steady pace.
7,6,Treadmill Interval Jogging,Full-Body,Cardio,Intermediate,Treadmill,4,15,30,10,Cardio + Intermediate + Treadmill,4,No,150,Alternate between jogging and walking.
7,6,Treadmill Incline Jogging,Legs,Cardio,Intermediate,Treadmill,4,15,30,10,Cardio + Intermediate + Treadmill,4,No,150,Increase incline gradually.
7,6,Treadmill Cool Down Walk,Full-Body,Cardio,Intermediate,Treadmill,4,15,30,10,Cardio + Intermediate + Treadmill,4,No,150,S3 down to a walk.
7,7,Treadmill Hill Sprints,Full-Body,Cardio,Intermediate,Treadmill,4,15,30,10,Cardio + Intermediate + Treadmill,4,No,150,Increase incline gradually.
7,7,Treadmill Steady State Jog,Legs,Cardio,Intermediate,Treadmill,4,15,30,10,Cardio + Intermediate + Treadmill,4,No,150,Maintain a steady pace.
7,7,Treadmill Interval Jogging,Full-Body,Cardio,Intermediate,Treadmill,4,15,30,10,Cardio + Intermediate + Treadmill,4,No,150,Alternate between jogging and walking.
7,7,Treadmill Incline Jogging,Legs,Cardio,Intermediate,Treadmill,4,15,30,10,Cardio + Intermediate + Treadmill,4,No,150,Increase incline gradually.
7,7,Treadmill Cool Down Walk,Full-Body,Cardio,Intermediate,Treadmill,4,15,30,10,Cardio + Intermediate + Treadmill,4,No,150,S3 down to a walk.

8,1,Jumping Jacks,Full-Body,Cardio,Intermediate,None,4,15,30,10,Cardio + Intermediate + None,4,No,150,Warm up with light movements.
8,1,Squats,Legs,Cardio,Intermediate,None,4,15,30,10,Cardio + Intermediate + None,4,No,150,Focus on form.
8,1,Lunges,Legs,Cardio,Intermediate,None,4,15,30,10,Cardio + Intermediate + None,4,No,150,Keep balance.
8,1,Push-Ups,Chest,Cardio,Intermediate,None,4,15,30,10,Cardio + Intermediate + None,4,No,150,Modify if needed.
8,1,Rows,Back,Cardio,Intermediate,None,4,15,30,10,Cardio + Intermediate + None,4,No,150,Control the movement.
8,2,5 Knees,Full-Body,Cardio,Intermediate,None,4,15,30,10,Cardio + Intermediate + None,4,No,150,Engage core.
8,2,Deadlifts,Legs,Cardio,Intermediate,None,4,15,30,10,Cardio + Intermediate + None,4,No,150,Keep back straight.
8,2,Shoulder Press,Shoulders,Cardio,Intermediate,None,4,15,30,10,Cardio + Intermediate + None,4,No,150,Use controlled motion.
8,2,Bicep Curls,Arms,Cardio,Intermediate,None,4,15,30,10,Cardio + Intermediate + None,4,No,150,Focus on biceps.
8,2,Plank,Core,Cardio,Intermediate,None,4,30,30,10,Cardio + Intermediate + None,4,No,150,Hold for 30 seconds.
8,3,Burpees,Full-Body,Cardio,Intermediate,None,4,15,30,10,Cardio + Intermediate + None,4,No,150,Start s3.
8,3,Step-Ups,Legs,Cardio,Intermediate,None,4,15,30,10,Cardio + Intermediate + None,4,No,150,Use a stable platform.
8,3,Chest Press,Chest,Cardio,Intermediate,None,4,15,30,10,Cardio + Intermediate + None,4,No,150,Keep elbows close.
8,3,Lat Pulldowns,Back,Cardio,Intermediate,None,4,15,30,10,Cardio + Intermediate + None,4,No,150,Use a resistance band.
8,3,Side Plank,Core,Cardio,Intermediate,None,4,30,30,10,Cardio + Intermediate + None,4,No,150,Hold for 30 seconds on each side.
8,4,Mountain Climbers,Full-Body,Cardio,Intermediate,None,4,15,30,10,Cardio + Intermediate + None,4,No,150,Engage core.
8,4,Bulgarian Split Squats,Legs,Cardio,Intermediate,None,4,15,30,10,Cardio + Intermediate + None,4,No,150,Use a bench.
8,4,Incline Bench Press,Chest,Cardio,Intermediate,None,4,15,30,10,Cardio + Intermediate + None,4,No,150,Use an incline bench.
8,4,Bent Over Rows,Back,Cardio,Intermediate,None,4,15,30,10,Cardio + Intermediate + None,4,No,150,Keep back flat.
8,4,Russian Twists,Core,Cardio,Intermediate,None,4,30,30,10,Cardio + Intermediate + None,4,No,150,Control the twist.
8,5,Jump Rope,Full-Body,Cardio,Intermediate,None,4,15,30,10,Cardio + Intermediate + None,4,No,150,Simulate jump rope.
8,5,Single Leg Deadlifts,Legs,Cardio,Intermediate,None,4,15,30,10,Cardio + Intermediate + None,4,No,150,Keep balance.
8,5,Decline Push-Ups,Chest,Cardio,Intermediate,None,4,15,30,10,Cardio + Intermediate + None,4,No,150,Use a bench.
8,5,Face Pulls,Shoulders,Cardio,Intermediate,None,4,15,30,10,Cardio + Intermediate + None,4,No,150,Use a resistance band.
8,5,Bicycle Crunches,Core,Cardio,Intermediate,None,4,30,30,10,Cardio + Intermediate + None,4,No,150,Control the motion.
8,6,Box Jumps,Full-Body,Cardio,Intermediate,None,4,15,30,10,Cardio + Intermediate + None,4,No,150,Use a stable box.
8,6,Glute Bridges,Legs,Cardio,Intermediate,None,4,15,30,10,Cardio + Intermediate + None,4,No,150,Engage glutes.
8,6,Dips,Triceps,Cardio,Intermediate,None,4,15,30,10,Cardio + Intermediate + None,4,No,150,Use parallel bars.
8,6,Reverse Fly,Shoulders,Cardio,Intermediate,None,4,15,30,10,Cardio + Intermediate + None,4,No,150,Control the movement.
8,6,Leg Raises,Core,Cardio,Intermediate,None,4,30,30,10,Cardio + Intermediate + None,4,No,150,Keep legs straight.
8,7,Skaters,Full-Body,Cardio,Intermediate,None,4,15,30,10,Cardio + Intermediate + None,4,No,150,Engage core.
8,7,Wall Sit,Legs,Cardio,Intermediate,None,4,30,30,10,Cardio + Intermediate + None,4,No,150,Hold for 30 seconds.
8,7,Cable Fly,Chest,Cardio,Intermediate,None,4,15,30,10,Cardio + Intermediate + None,4,No,150,Use a cable machine.
8,7,Seated Rows,Back,Cardio,Intermediate,None,4,15,30,10,Cardio + Intermediate + None,4,No,150,Use a resistance band.
8,7,Plank with Leg Lift,Core,Cardio,Intermediate,None,4,30,30,10,Cardio + Intermediate + None,4,No,150,Lift one leg at a time.

9,1,Dumbbell Jumping Jacks,Full-Body,Cardio,Advanced,Dumbbell,5,15,30,10,Cardio + Advanced + Dumbbell,4,No,200,Warm up with light movements.
9,1,Dumbbell Squats,Legs,Cardio,Advanced,Dumbbell,5,15,30,10,Cardio + Advanced + Dumbbell,4,No,200,Focus on form.
9,1,Dumbbell Lunges,Legs,Cardio,Advanced,Dumbbell,5,15,30,10,Cardio + Advanced + Dumbbell,5,No,200,Keep weights heavy.
9,1,Dumbbell Push-Ups,Chest,Cardio,Advanced,Dumbbell,5,15,30,10,Cardio + Advanced + Dumbbell,5,No,200,Modify if needed.
9,1,Dumbbell Rows,Back,Cardio,Advanced,Dumbbell,5,15,30,10,Cardio + Advanced + Dumbbell,5,No,200,Control the movement.
9,2,Dumbbell 5 Knees,Full-Body,Cardio,Advanced,Dumbbell,5,15,30,10,Cardio + Advanced + Dumbbell,5,No,200,Engage core.
9,2,Dumbbell Deadlifts,Legs,Cardio,Advanced,Dumbbell,5,15,30,10,Cardio + Advanced + Dumbbell,5,No,200,Keep back straight.
9,2,Dumbbell Shoulder Press,Shoulders,Cardio,Advanced,Dumbbell,5,15,30,10,Cardio + Advanced + Dumbbell,5,No,200,Use controlled motion.
9,2,Dumbbell Bicep Curls,Arms,Cardio,Advanced,Dumbbell,5,15,30,10,Cardio + Advanced + Dumbbell,5,No,200,Focus on biceps.
9,2,Dumbbell Plank,Core,Cardio,Advanced,Dumbbell,5,30,30,10,Cardio + Advanced + Dumbbell,5,No,200,Hold for 30 seconds.
9,3,Dumbbell Burpees,Full-Body,Cardio,Advanced,Dumbbell,5,15,30,10,Cardio + Advanced + Dumbbell,5,No,200,Start s3.
9,3,Dumbbell Step-Ups,Legs,Cardio,Advanced,Dumbbell,5,15,30,10,Cardio + Advanced + Dumbbell,5,No,200,Use a stable platform.
9,3,Dumbbell Chest Press,Chest,Cardio,Advanced,Dumbbell,5,15,30,10,Cardio + Advanced + Dumbbell,5,No,200,Keep elbows close.
9,3,Dumbbell Lat Pulldowns,Back,Cardio,Advanced,Dumbbell,5,15,30,10,Cardio + Advanced + Dumbbell,5,No,200,Use a resistance band.
9,3,Dumbbell Side Plank,Core,Cardio,Advanced,Dumbbell,5,30,30,10,Cardio + Advanced + Dumbbell,5,No,200,Hold for 30 seconds on each side.
9,4,Dumbbell Mountain Climbers,Full-Body,Cardio,Advanced,Dumbbell,5,15,30,10,Cardio + Advanced + Dumbbell,5,No,200,Engage core.
9,4,Dumbbell Bulgarian Split Squats,Legs,Cardio,Advanced,Dumbbell,5,15,30,10,Cardio + Advanced + Dumbbell,5,No,200,Use a bench.
9,4,Dumbbell Incline Bench Press,Chest,Cardio,Advanced,Dumbbell,5,15,30,10,Cardio + Advanced + Dumbbell,5,No,200,Use an incline bench.
9,4,Dumbbell Bent Over Rows,Back,Cardio,Advanced,Dumbbell,5,15,30,10,Cardio + Advanced + Dumbbell,5,No,200,Keep back flat.
9,4,Dumbbell Russian Twists,Core,Cardio,Advanced,Dumbbell,5,30,30,10,Cardio + Advanced + Dumbbell,5,No,200,Control the twist.
9,5,Dumbbell Jump Rope,Full-Body,Cardio,Advanced,Dumbbell,5,15,30,10,Cardio + Advanced + Dumbbell,5,No,200,Simulate jump rope.
9,5,Dumbbell Single Leg Deadlifts,Legs,Cardio,Advanced,Dumbbell,5,15,30,10,Cardio + Advanced + Dumbbell,5,No,200,Keep balance.
9,5,Dumbbell Decline Push-Ups,Chest,Cardio,Advanced,Dumbbell,5,15,30,10,Cardio + Advanced + Dumbbell,5,No,200,Use a bench.
9,5,Dumbbell Face Pulls,Shoulders,Cardio,Advanced,Dumbbell,5,15,30,10,Cardio + Advanced + Dumbbell,5,No,200,Use a resistance band.
9,5,Dumbbell Bicycle Crunches,Core,Cardio,Advanced,Dumbbell,5,30,30,10,Cardio + Advanced + Dumbbell,5,No,200,Control the motion.
9,6,Dumbbell Box Jumps,Full-Body,Cardio,Advanced,Dumbbell,5,15,30,10,Cardio + Advanced + Dumbbell,5,No,200,Use a stable box.
9,6,Dumbbell Glute Bridges,Legs,Cardio,Advanced,Dumbbell,5,15,30,10,Cardio + Advanced + Dumbbell,5,No,200,Engage glutes.
9,6,Dumbbell Dips,Triceps,Cardio,Advanced,Dumbbell,5,15,30,10,Cardio + Advanced + Dumbbell,5,No,200,Use parallel bars.
9,6,Dumbbell Reverse Fly,Shoulders,Cardio,Advanced,Dumbbell,5,15,30,10,Cardio + Advanced + Dumbbell,5,No,200,Control the movement.
9,6,Dumbbell Leg Raises,Core,Cardio,Advanced,Dumbbell,5,30,30,10,Cardio + Advanced + Dumbbell,5,No,200,Keep legs straight.
9,7,Dumbbell Skaters,Full-Body,Cardio,Advanced,Dumbbell,5,15,30,10,Cardio + Advanced + Dumbbell,5,No,200,Engage core.
9,7,Dumbbell Wall Sit,Legs,Cardio,Advanced,Dumbbell,5,30,30,10,Cardio + Advanced + Dumbbell,5,No,200,Hold for 30 seconds.
9,7,Dumbbell Cable Fly,Chest,Cardio,Advanced,Dumbbell,5,15,30,10,Cardio + Advanced + Dumbbell,5,No,200,Use a cable machine.
9,7,Dumbbell Cable Fly,Chest,Cardio,Advanced,Dumbbell,5,15,30,10,Cardio + Advanced + Dumbbell,5,No,200,Use a cable machine.
9,7,Dumbbell Seated Rows,Back,Cardio,Advanced,Dumbbell,5,15,30,10,Cardio + Advanced + Dumbbell,5,No,200,Use a resistance band.
9,7,Dumbbell Plank with Leg Lift,Core,Cardio,Advanced,Dumbbell,5,30,30,10,Cardio + Advanced + Dumbbell,5,No,200,Lift one leg at a time.

10,1,Resistance Band Jumping Jacks,Full-Body,Cardio,Advanced,Resistance Band,5,15,30,10,Cardio + Advanced + Resistance Band,5,No,200,Warm up with light movements.
10,1,Resistance Band Squats,Legs,Cardio,Advanced,Resistance Band,5,15,30,10,Cardio + Advanced + Resistance Band,5,No,200,Focus on form.
10,1,Resistance Band Lunges,Legs,Cardio,Advanced,Resistance Band,5,15,30,10,Cardio + Advanced + Resistance Band,5,No,200,Keep band taut.
10,1,Resistance Band Push-Ups,Chest,Cardio,Advanced,Resistance Band,5,15,30,10,Cardio + Advanced + Resistance Band,5,No,200,Modify if needed.
10,1,Resistance Band Rows,Back,Cardio,Advanced,Resistance Band,5,15,30,10,Cardio + Advanced + Resistance Band,5,No,200,Control the movement.
10,2,Resistance Band 5 Knees,Full-Body,Cardio,Advanced,Resistance Band,5,15,30,10,Cardio + Advanced + Resistance Band,5,No,200,Engage core.
10,2,Resistance Band Deadlifts,Legs,Cardio,Advanced,Resistance Band,5,15,30,10,Cardio + Advanced + Resistance Band,5,No,200,Keep back straight.
10,2,Resistance Band Shoulder Press,Shoulders,Cardio,Advanced,Resistance Band,5,15,30,10,Cardio + Advanced + Resistance Band,5,No,200,Use controlled motion.
10,2,Resistance Band Bicep Curls,Arms,Cardio,Advanced,Resistance Band,5,15,30,10,Cardio + Advanced + Resistance Band,5,No,200,Focus on biceps.
10,2,Resistance Band Plank,Core,Cardio,Advanced,Resistance Band,5,30,30,10,Cardio + Advanced + Resistance Band,5,No,200,Hold for 30 seconds.
10,3,Resistance Band Burpees,Full-Body,Cardio,Advanced,Resistance Band,5,15,30,10,Cardio + Advanced + Resistance Band,5,No,200,Start s3.
10,3,Resistance Band Step-Ups,Legs,Cardio,Advanced,Resistance Band,5,15,30,10,Cardio + Advanced + Resistance Band,5,No,200,Use a stable platform.
10,3,Resistance Band Chest Press,Chest,Cardio,Advanced,Resistance Band,5,15,30,10,Cardio + Advanced + Resistance Band,5,No,200,Keep elbows close.
10,3,Resistance Band Lat Pulldowns,Back,Cardio,Advanced,Resistance Band,5,15,30,10,Cardio + Advanced + Resistance Band,5,No,200,Use a resistance band.
10,3,Resistance Band Side Plank,Core,Cardio,Advanced,Resistance Band,5,30,30,10,Cardio + Advanced + Resistance Band,5,No,200,Hold for 30 seconds on each side.
10,4,Resistance Band Mountain Climbers,Full-Body,Cardio,Advanced,Resistance Band,5,15,30,10,Cardio + Advanced + Resistance Band,5,No,200,Engage core.
10,4,Resistance Band Bulgarian Split Squats,Legs,Cardio,Advanced,Resistance Band,5,15,30,10,Cardio + Advanced + Resistance Band,5,No,200,Use a bench.
10,4,Resistance Band Incline Bench Press,Chest,Cardio,Advanced,Resistance Band,5,15,30,10,Cardio + Advanced + Resistance Band,5,No,200,Use an incline bench.
10,4,Resistance Band Bent Over Rows,Back,Cardio,Advanced,Resistance Band,5,15,30,10,Cardio + Advanced + Resistance Band,5,No,200,Keep back flat.
10,4,Resistance Band Russian Twists,Core,Cardio,Advanced,Resistance Band,5,30,30,10,Cardio + Advanced + Resistance Band,5,No,200,Control the twist.
10,5,Resistance Band Jump Rope,Full-Body,Cardio,Advanced,Resistance Band,5,15,30,10,Cardio + Advanced + Resistance Band,5,No,200,Simulate jump rope.
10,5,Resistance Band Single Leg Deadlifts,Legs,Cardio,Advanced,Resistance Band,5,15,30,10,Cardio + Advanced + Resistance Band,5,No,200,Keep balance.
10,5,Resistance Band Decline Push-Ups,Chest,Cardio,Advanced,Resistance Band,5,15,30,10,Cardio + Advanced + Resistance Band,5,No,200,Use a bench.
10,5,Resistance Band Face Pulls,Shoulders,Cardio,Advanced,Resistance Band,5,15,30,10,Cardio + Advanced + Resistance Band,5,No,200,Use a resistance band.
10,5,Resistance Band Bicycle Crunches,Core,Cardio,Advanced,Resistance Band,5,30,30,10,Cardio + Advanced + Resistance Band,5,No,200,Control the motion.
10,6,Resistance Band Box Jumps,Full-Body,Cardio,Advanced,Resistance Band,5,15,30,10,Cardio + Advanced + Resistance Band,5,No,200,Use a stable box.
10,6,Resistance Band Glute Bridges,Legs,Cardio,Advanced,Resistance Band,5,15,30,10,Cardio + Advanced + Resistance Band,5,No,200,Engage glutes.
10,6,Resistance Band Dips,Triceps,Cardio,Advanced,Resistance Band,5,15,30,10,Cardio + Advanced + Resistance Band,5,No,200,Use parallel bars.
10,6,Resistance Band Reverse Fly,Shoulders,Cardio,Advanced,Resistance Band,5,15,30,10,Cardio + Advanced + Resistance Band,5,No,200,Control the movement.
10,6,Resistance Band Leg Raises,Core,Cardio,Advanced,Resistance Band,5,30,30,10,Cardio + Advanced + Resistance Band,5,No,200,Keep legs straight.
10,7,Resistance Band Skaters,Full-Body,Cardio,Advanced,Resistance Band,5,15,30,10,Cardio + Advanced + Resistance Band,5,No,200,Engage core.
10,7,Resistance Band Wall Sit,Legs,Cardio,Advanced,Resistance Band,5,30,30,10,Cardio + Advanced + Resistance Band,5,No,200,Hold for 30 seconds.
10,7,Resistance Band Cable Fly,Chest,Cardio,Advanced,Resistance Band,5,15,30,10,Cardio + Advanced + Resistance Band,5,No,200,Use a cable machine.
10,7,Resistance Band Seated Rows,Back,Cardio,Advanced,Resistance Band,5,15,30,10,Cardio + Advanced + Resistance Band,5,No,200,Use a resistance band.
10,7,Resistance Band Plank with Leg Lift,Core,Cardio,Advanced,Resistance Band,5,30,30,10,Cardio + Advanced + Resistance Band,5,No,200,Lift one leg at a time.

11,1,Treadmill Walking,Full-Body,Cardio,Advanced,Treadmill,5,15,30,10,Cardio + Advanced + Treadmill,5,No,200,Warm up with a light walk.
11,1,Treadmill Incline Walk,Legs,Cardio,Advanced,Treadmill,5,15,30,10,Cardio + Advanced + Treadmill,5,No,200,Increase incline gradually.
11,1,Treadmill Jogging,Full-Body,Cardio,Advanced,Treadmill,5,15,30,10,Cardio + Advanced + Treadmill,5,No,200,Start with a fast jog.
11,1,Treadmill Interval Walking,Legs,Cardio,Advanced,Treadmill,5,15,30,10,Cardio + Advanced + Treadmill,5,No,200,Alternate between walking and jogging.
11,1,Treadmill Cool Down,Full-Body,Cardio,Advanced,Treadmill,5,15,30,10,Cardio + Advanced + Treadmill,5,No,200,S3 down to a walk.
11,2,Treadmill Hill Walking,Full-Body,Cardio,Advanced,Treadmill,5,15,30,10,Cardio + Advanced + Treadmill,5,No,200,Engage glutes and hamstrings.
11,2,Treadmill Steady State Jog,Legs,Cardio,Advanced,Treadmill,5,15,30,10,Cardio + Advanced + Treadmill,5,No,200,Maintain a steady pace.
11,2,Treadmill Interval Jogging,Full-Body,Cardio,Advanced,Treadmill,5,15,30,10,Cardio + Advanced + Treadmill,5,No,200,Alternate between jogging and walking.
11,2,Treadmill Incline Jogging,Legs,Cardio,Advanced,Treadmill,5,15,30,10,Cardio + Advanced + Treadmill,5,No,200,Increase incline gradually.
11,2,Treadmill Cool Down Walk,Full-Body,Cardio,Advanced,Treadmill,5,15,30,10,Cardio + Advanced + Treadmill,5,No,200,S3 down to a walk.
11,3,Treadmill Hill Sprints,Full-Body,Cardio,Advanced,Treadmill,5,15,30,10,Cardio + Advanced + Treadmill,5,No,200,Increase incline gradually.
11,3,Treadmill Steady State Jog,Legs,Cardio,Advanced,Treadmill,5,15,30,10,Cardio + Advanced + Treadmill,5,No,200,Maintain a steady pace.
11,3,Treadmill Interval Jogging,Full-Body,Cardio,Advanced,Treadmill,5,15,30,10,Cardio + Advanced + Treadmill,5,No,200,Alternate between jogging and walking.
11,3,Treadmill Incline Jogging,Legs,Cardio,Advanced,Treadmill,5,15,30,10,Cardio + Advanced + Treadmill,5,No,200,Increase incline gradually.
11,3,Treadmill Cool Down Walk,Full-Body,Cardio,Advanced,Treadmill,5,15,30,10,Cardio + Advanced + Treadmill,5,No,200,S3 down to a walk.
11,4,Treadmill Hill Sprints,Full-Body,Cardio,Advanced,Treadmill,5,15,30,10,Cardio + Advanced + Treadmill,5,No,200,Increase incline gradually.
11,4,Treadmill Steady State Jog,Legs,Cardio,Advanced,Treadmill,5,15,30,10,Cardio + Advanced + Treadmill,5,No,200,Maintain a steady pace.
11,4,Treadmill Interval Jogging,Full-Body,Cardio,Advanced,Treadmill,5,15,30,10,Cardio + Advanced + Treadmill,5,No,200,Alternate between jogging and walking.
11,4,Treadmill Incline Jogging,Legs,Cardio,Advanced,Treadmill,5,15,30,10,Cardio + Advanced + Treadmill,5,No,200,Increase incline gradually.
11,4,Treadmill Cool Down Walk,Full-Body,Cardio,Advanced,Treadmill,5,15,30,10,Cardio + Advanced + Treadmill,5,No,200,S3 down to a walk.
11,5,Treadmill Hill Sprints,Full-Body,Cardio,Advanced,Treadmill,5,15,30,10,Cardio + Advanced + Treadmill,5,No,200,Increase incline gradually.
11,5,Treadmill Steady State Jog,Legs,Cardio,Advanced,Treadmill,5,15,30,10,Cardio + Advanced + Treadmill,5,No,200,Maintain a steady pace.
11,5,Treadmill Interval Jogging,Full-Body,Cardio,Advanced,Treadmill,5,15,30,10,Cardio + Advanced + Treadmill,5,No,200,Alternate between jogging and walking.
11,5,Treadmill Incline Jogging,Legs,Cardio,Advanced,Treadmill,5,15,30,10,Cardio + Advanced + Treadmill,5,No,200,Increase incline gradually.
11,5,Treadmill Cool Down Walk,Full-Body,Cardio,Advanced,Treadmill,5,15,30,10,Cardio + Advanced + Treadmill,5,No,200,S3 down to a walk.
11,6,Treadmill Hill Sprints,Full-Body,Cardio,Advanced,Treadmill,5,15,30,10,Cardio + Advanced + Treadmill,5,No,200,Increase incline gradually.
11,6,Treadmill Steady State Jog,Legs,Cardio,Advanced,Treadmill,5,15,30,10,Cardio + Advanced + Treadmill,5,No,200,Maintain a steady pace.
11,6,Treadmill Interval Jogging,Full-Body,Cardio,Advanced,Treadmill,5,15,30,10,Cardio + Advanced + Treadmill,5,No,200,Alternate between jogging and walking.
11,6,Treadmill Incline Jogging,Legs,Cardio,Advanced,Treadmill,5,15,30,10,Cardio + Advanced + Treadmill,5,No,200,Increase incline gradually.
11,6,Treadmill Cool Down Walk,Full-Body,Cardio,Advanced,Treadmill,5,15,30,10,Cardio + Advanced + Treadmill,5,No,200,S3 down to a walk.
11,7,Treadmill Hill Sprints,Full-Body,Cardio,Advanced,Treadmill,5,15,30,10,Cardio + Advanced + Treadmill,5,No,200,Increase incline gradually.
11,7,Treadmill Steady State Jog,Legs,Cardio,Advanced,Treadmill,5,15,30,10,Cardio + Advanced + Treadmill,5,No,200,Maintain a steady pace.
11,7,Treadmill Interval Jogging,Full-Body,Cardio,Advanced,Treadmill,5,15,30,10,Cardio + Advanced + Treadmill,5,No,200,Alternate between jogging and walking.
11,7,Treadmill Incline Jogging,Legs,Cardio,Advanced,Treadmill,5,15,30,10,Cardio + Advanced + Treadmill,5,No,200,Increase incline gradually.
11,7,Treadmill Cool Down Walk,Full-Body,Cardio,Advanced,Treadmill,5,15,30,10,Cardio + Advanced + Treadmill,5,No,200,S3 down to a walk.

12,1,Jumping Jacks,Full-Body,Cardio,Advanced,None,5,15,30,10,Cardio + Advanced + None,5,No,200,Warm up with light movements.
12,1,Squats,Legs,Cardio,Advanced,None,5,15,30,10,Cardio + Advanced + None,5,No,200,Focus on form.
12,1,Lunges,Legs,Cardio,Advanced,None,5,15,30,10,Cardio + Advanced + None,5,No,200,Keep balance.
12,1,Push-Ups,Chest,Cardio,Advanced,None,5,15,30,10,Cardio + Advanced + None,5,No,200,Modify if needed.
12,1,Rows,Back,Cardio,Advanced,None,5,15,30,10,Cardio + Advanced + None,5,No,200,Control the movement.
12,2,5 Knees,Full-Body,Cardio,Advanced,None,5,15,30,10,Cardio + Advanced + None,5,No,200,Engage core.
12,2,Deadlifts,Legs,Cardio,Advanced,None,5,15,30,10,Cardio + Advanced + None,5,No,200,Keep back straight.
12,2,Shoulder Press,Shoulders,Cardio,Advanced,None,5,15,30,10,Cardio + Advanced + None,5,No,200,Use controlled motion.
12,2,Bicep Curls,Arms,Cardio,Advanced,None,5,15,30,10,Cardio + Advanced + None,5,No,200,Focus on biceps.
12,2,Plank,Core,Cardio,Advanced,None,5,30,30,10,Cardio + Advanced + None,5,No,200,Hold for 30 seconds.
12,3,Burpees,Full-Body,Cardio,Advanced,None,5,15,30,10,Cardio + Advanced + None,5,No,200,Start s3.
12,3,Step-Ups,Legs,Cardio,Advanced,None,5,15,30,10,Cardio + Advanced + None,5,No,200,Use a stable platform.
12,3,Chest Press,Chest,Cardio,Advanced,None,5,15,30,10,Cardio + Advanced + None,5,No,200,Keep elbows close.
12,3,Lat Pulldowns,Back,Cardio,Advanced,None,5,15,30,10,Cardio + Advanced + None,5,No,200,Use a resistance band.
12,3,Side Plank,Core,Cardio,Advanced,None,5,30,30,10,Cardio + Advanced + None,5,No,200,Hold for 30 seconds on each side.
12,4,Mountain Climbers,Full-Body,Cardio,Advanced,None,5,15,30,10,Cardio + Advanced + None,5,No,200,Engage core.
12,4,Bulgarian Split Squats,Legs,Cardio,Advanced,None,5,15,30,10,Cardio + Advanced + None,5,No,200,Use a bench.
12,4,Incline Bench Press,Chest,Cardio,Advanced,None,5,15,30,10,Cardio + Advanced + None,5,No,200,Use an incline bench.
12,4,Bent Over Rows,Back,Cardio,Advanced,None,5,15,30,10,Cardio + Advanced + None,5,No,200,Keep back flat.
12,4,Russian Twists,Core,Cardio,Advanced,None,5,30,30,10,Cardio + Advanced + None,5,No,200,Control the twist.
12,5,Jump Rope,Full-Body,Cardio,Advanced,None,5,15,30,10,Cardio + Advanced + None,5,No,200,Simulate jump rope.
12,5,Single Leg Deadlifts,Legs,Cardio,Advanced,None,5,15,30,10,Cardio + Advanced + None,5,No,200,Keep balance.
12,5,Decline Push-Ups,Chest,Cardio,Advanced,None,5,15,30,10,Cardio + Advanced + None,5,No,200,Use a bench.
12,5,Face Pulls,Shoulders,Cardio,Advanced,None,5,15,30,10,Cardio + Advanced + None,5,No,200,Use a resistance band.
12,5,Bicycle Crunches,Core,Cardio,Advanced,None,5,30,30,10,Cardio + Advanced + None,5,No,200,Control the motion.
12,6,Box Jumps,Full-Body,Cardio,Advanced,None,5,15,30,10,Cardio + Advanced + None,5,No,200,Use a stable box.
12,6,Glute Bridges,Legs,Cardio,Advanced,None,5,15,30,10,Cardio + Advanced + None,5,No,200,Engage glutes.
12,6,Dips,Triceps,Cardio,Advanced,None,5,15,30,10,Cardio + Advanced + None,5,No,200,Use parallel bars.
12,6,Reverse Fly,Shoulders,Cardio,Advanced,None,5,15,30,10,Cardio + Advanced + None,5,No,200,Control the movement.
12,6,Leg Raises,Core,Cardio,Advanced,None,5,30,30,10,Cardio + Advanced + None,5,No,200,Keep legs straight.
12,7,Skaters,Full-Body,Cardio,Advanced,None,5,15,30,10,Cardio + Advanced + None,5,No,200,Engage core.
12,7,Wall Sit,Legs,Cardio,Advanced,None,5,30,30,10,Cardio + Advanced + None,5,No,200,Hold for 30 seconds.
12,7,Cable Fly,Chest,Cardio,Advanced,None,5,15,30,10,Cardio + Advanced + None,5,No,200,Use a cable machine.
12,7,Seated Rows,Back,Cardio,Advanced,None,5,15,30,10,Cardio + Advanced + None,5,No,200,Use a resistance band.
12,7,Plank with Leg Lift,Core,Cardio,Advanced,None,5,30,30,10,Cardio + Advanced + None,5,No,200,Lift one leg at a time.

13,1,Dumbbell Jumping Jacks,Full-Body,HIIT,Beginner,Dumbbell,3,15,30,10,HIIT + Beginner + Dumbbell,3,No,100,Warm up with light movements.
13,1,Dumbbell Squats,Legs,HIIT,Beginner,Dumbbell,3,15,30,10,HIIT + Beginner + Dumbbell,3,No,100,Focus on form.
13,1,Dumbbell Lunges,Legs,HIIT,Beginner,Dumbbell,3,15,30,10,HIIT + Beginner + Dumbbell,3,No,100,Keep weights light.
13,1,Dumbbell Push-Ups,Chest,HIIT,Beginner,Dumbbell,3,15,30,10,HIIT + Beginner + Dumbbell,3,No,100,Modify if needed.
13,1,Dumbbell Rows,Back,HIIT,Beginner,Dumbbell,3,15,30,10,HIIT + Beginner + Dumbbell,3,No,100,Control the movement.
13,2,Dumbbell 5 Knees,Full-Body,HIIT,Beginner,Dumbbell,3,15,30,10,HIIT + Beginner + Dumbbell,3,No,100,Engage core.
13,2,Dumbbell Deadlifts,Legs,HIIT,Beginner,Dumbbell,3,15,30,10,HIIT + Beginner + Dumbbell,3,No,100,Keep back straight.
13,2,Dumbbell Shoulder Press,Shoulders,HIIT,Beginner,Dumbbell,3,15,30,10,HIIT + Beginner + Dumbbell,3,No,100,Use controlled motion.
13,2,Dumbbell Bicep Curls,Arms,HIIT,Beginner,Dumbbell,3,15,30,10,HIIT + Beginner + Dumbbell,3,No,100,Focus on biceps.
13,2,Dumbbell Plank,Core,HIIT,Beginner,Dumbbell,3,30,30,10,HIIT + Beginner + Dumbbell,3,No,100,Hold for 30 seconds.
13,3,Dumbbell Burpees,Full-Body,HIIT,Beginner,Dumbbell,3,15,30,10,HIIT + Beginner + Dumbbell,2,No,100,Start s2.
13,3,Dumbbell Step-Ups,Legs,HIIT,Beginner,Dumbbell,3,15,30,10,HIIT + Beginner + Dumbbell,2,No,100,Use a stable platform.
13,3,Dumbbell Chest Press,Chest,HIIT,Beginner,Dumbbell,3,15,30,10,HIIT + Beginner + Dumbbell,2,No,100,Keep elbows close.
13,3,Dumbbell Lat Pulldowns,Back,HIIT,Beginner,Dumbbell,3,15,30,10,HIIT + Beginner + Dumbbell,2,No,100,Use a resistance band.
13,3,Dumbbell Side Plank,Core,HIIT,Beginner,Dumbbell,3,30,30,10,HIIT + Beginner + Dumbbell,2,No,100,Hold for 30 seconds on each side.
13,4,Dumbbell Mountain Climbers,Full-Body,HIIT,Beginner,Dumbbell,3,15,30,10,HIIT + Beginner + Dumbbell,2,No,100,Engage core.
13,4,Dumbbell Bulgarian Split Squats,Legs,HIIT,Beginner,Dumbbell,3,15,30,10,HIIT + Beginner + Dumbbell,2,No,100,Use a bench.
13,4,Dumbbell Incline Bench Press,Chest,HIIT,Beginner,Dumbbell,3,15,30,10,HIIT + Beginner + Dumbbell,2,No,100,Use an incline bench.
13,4,Dumbbell Bent Over Rows,Back,HIIT,Beginner,Dumbbell,3,15,30,10,HIIT + Beginner + Dumbbell,2,No,100,Keep back flat.
13,4,Dumbbell Russian Twists,Core,HIIT,Beginner,Dumbbell,3,30,30,10,HIIT + Beginner + Dumbbell,2,No,100,Control the twist.
13,5,Dumbbell Jump Rope,Full-Body,HIIT,Beginner,Dumbbell,3,15,30,10,HIIT + Beginner + Dumbbell,2,No,100,Simulate jump rope.
13,5,Dumbbell Single Leg Deadlifts,Legs,HIIT,Beginner,Dumbbell,3,15,30,10,HIIT + Beginner + Dumbbell,2,No,100,Keep balance.
13,5,Dumbbell Decline Push-Ups,Chest,HIIT,Beginner,Dumbbell,3,15,30,10,HIIT + Beginner + Dumbbell,2,No,100,Use a bench.
13,5,Dumbbell Face Pulls,Shoulders,HIIT,Beginner,Dumbbell,3,15,30,10,HIIT + Beginner + Dumbbell,2,No,100,Use a resistance band.
13,5,Dumbbell Bicycle Crunches,Core,HIIT,Beginner,Dumbbell,3,30,30,10,HIIT + Beginner + Dumbbell,2,No,100,Control the motion.
13,6,Dumbbell Box Jumps,Full-Body,HIIT,Beginner,Dumbbell,3,15,30,10,HIIT + Beginner + Dumbbell,2,No,100,Use a stable box.
13,6,Dumbbell Glute Bridges,Legs,HIIT,Beginner,Dumbbell,3,15,30,10,HIIT + Beginner + Dumbbell,2,No,100,Engage glutes.
13,6,Dumbbell Dips,Triceps,HIIT,Beginner,Dumbbell,3,15,30,10,HIIT + Beginner + Dumbbell,2,No,100,Use parallel bars.
13,6,Dumbbell Reverse Fly,Shoulders,HIIT,Beginner,Dumbbell,3,15,30,10,HIIT + Beginner + Dumbbell,2,No,100,Control the movement.
13,6,Dumbbell Leg Raises,Core,HIIT,Beginner,Dumbbell,3,30,30,10,HIIT + Beginner + Dumbbell,2,No,100,Keep legs straight.
13,7,Dumbbell Skaters,Full-Body,HIIT,Beginner,Dumbbell,3,15,30,10,HIIT + Beginner + Dumbbell,2,No,100,Engage core.
13,7,Dumbbell Wall Sit,Legs,HIIT,Beginner,Dumbbell,3,30,30,10,HIIT + Beginner + Dumbbell,2,No,100,Hold for 30 seconds.
13,7,Dumbbell Cable Fly,Chest,HIIT,Beginner,Dumbbell,3,15,30,10,HIIT + Beginner + Dumbbell,2,No,100,Use a cable machine.
13,7,Dumbbell Seated Rows,Back,HIIT,Beginner,Dumbbell,3,15,30,10,HIIT + Beginner + Dumbbell,2,No,100,Use a resistance band.
13,7,Dumbbell Plank with Leg Lift,Core,HIIT,Beginner,Dumbbell,3,30,30,10,HIIT + Beginner + Dumbbell,2,No,100,Lift one leg at a time.

14,1,Resistance Band Jumping Jacks,Full-Body,HIIT,Beginner,Resistance Band,3,15,30,10,HIIT + Beginner + Resistance Band,2,No,100,Warm up with light movements.
14,1,Resistance Band Squats,Legs,HIIT,Beginner,Resistance Band,3,15,30,10,HIIT + Beginner + Resistance Band,2,No,100,Focus on form.
14,1,Resistance Band Lunges,Legs,HIIT,Beginner,Resistance Band,3,15,30,10,HIIT + Beginner + Resistance Band,2,No,100,Keep band taut.
14,1,Resistance Band Push-Ups,Chest,HIIT,Beginner,Resistance Band,3,15,30,10,HIIT + Beginner + Resistance Band,2,No,100,Modify if needed.
14,1,Resistance Band Rows,Back,HIIT,Beginner,Resistance Band,3,15,30,10,HIIT + Beginner + Resistance Band,2,No,100,Control the movement.
14,2,Resistance Band 5 Knees,Full-Body,HIIT,Beginner,Resistance Band,3,15,30,10,HIIT + Beginner + Resistance Band,2,No,100,Engage core.
14,2,Resistance Band Deadlifts,Legs,HIIT,Beginner,Resistance Band,3,15,30,10,HIIT + Beginner + Resistance Band,2,No,100,Keep back straight.
14,2,Resistance Band Shoulder Press,Shoulders,HIIT,Beginner,Resistance Band,3,15,30,10,HIIT + Beginner + Resistance Band,2,No,100,Use controlled motion.
14,2,Resistance Band Bicep Curls,Arms,HIIT,Beginner,Resistance Band,3,15,30,10,HIIT + Beginner + Resistance Band,2,No,100,Focus on biceps.
14,2,Resistance Band Plank,Core,HIIT,Beginner,Resistance Band,3,30,30,10,HIIT + Beginner + Resistance Band,2,No,100,Hold for 30 seconds.
14,3,Resistance Band Burpees,Full-Body,HIIT,Beginner,Resistance Band,3,15,30,10,HIIT + Beginner + Resistance Band,2,No,100,Start s2.
14,3,Resistance Band Step-Ups,Legs,HIIT,Beginner,Resistance Band,3,15,30,10,HIIT + Beginner + Resistance Band,2,No,100,Use a stable platform.
14,3,Resistance Band Chest Press,Chest,HIIT,Beginner,Resistance Band,3,15,30,10,HIIT + Beginner + Resistance Band,2,No,100,Keep elbows close.
14,3,Resistance Band Lat Pulldowns,Back,HIIT,Beginner,Resistance Band,3,15,30,10,HIIT + Beginner + Resistance Band,2,No,100,Use a resistance band.
14,3,Resistance Band Side Plank,Core,HIIT,Beginner,Resistance Band,3,30,30,10,HIIT + Beginner + Resistance Band,2,No,100,Hold for 30 seconds on each side.
14,4,Resistance Band Mountain Climbers,Full-Body,HIIT,Beginner,Resistance Band,3,15,30,10,HIIT + Beginner + Resistance Band,2,No,100,Engage core.
14,4,Resistance Band Bulgarian Split Squats,Legs,HIIT,Beginner,Resistance Band,3,15,30,10,HIIT + Beginner + Resistance Band,2,No,100,Use a bench.
14,4,Resistance Band Incline Bench Press,Chest,HIIT,Beginner,Resistance Band,3,15,30,10,HIIT + Beginner + Resistance Band,2,No,100,Use an incline bench.
14,4,Resistance Band Bent Over Rows,Back,HIIT,Beginner,Resistance Band,3,15,30,10,HIIT + Beginner + Resistance Band,2,No,100,Keep back flat.
14,4,Resistance Band Russian Twists,Core,HIIT,Beginner,Resistance Band,3,30,30,10,HIIT + Beginner + Resistance Band,2,No,100,Control the twist.
14,5,Resistance Band Jump Rope,Full-Body,HIIT,Beginner,Resistance Band,3,15,30,10,HIIT + Beginner + Resistance Band,2,No,100,Simulate jump rope.
14,5,Resistance Band Single Leg Deadlifts,Legs,HIIT,Beginner,Resistance Band,3,15,30,10,HIIT + Beginner + Resistance Band,2,No,100,Keep balance.
14,5,Resistance Band Decline Push-Ups,Chest,HIIT,Beginner,Resistance Band,3,15,30,10,HIIT + Beginner + Resistance Band,2,No,100,Use a bench.
14,5,Resistance Band Face Pulls,Shoulders,HIIT,Beginner,Resistance Band,3,15,30,10,HIIT + Beginner + Resistance Band,2,No,100,Use a resistance band.
14,5,Resistance Band Bicycle Crunches,Core,HIIT,Beginner,Resistance Band,3,30,30,10,HIIT + Beginner + Resistance Band,2,No,100,Control the motion.
14,6,Resistance Band Box Jumps,Full-Body,HIIT,Beginner,Resistance Band,3,15,30,10,HIIT + Beginner + Resistance Band,2,No,100,Use a stable box.
14,6,Resistance Band Glute Bridges,Legs,HIIT,Beginner,Resistance Band,3,15,30,10,HIIT + Beginner + Resistance Band,2,No,100,Engage glutes.
14,6,Resistance Band Dips,Triceps,HIIT,Beginner,Resistance Band,3,15,30,10,HIIT + Beginner + Resistance Band,2,No,100,Use parallel bars.
14,6,Resistance Band Reverse Fly,Shoulders,HIIT,Beginner,Resistance Band,3,15,30,10,HIIT + Beginner + Resistance Band,2,No,100,Control the movement.
14,6,Resistance Band Leg Raises,Core,HIIT,Beginner,Resistance Band,3,30,30,10,HIIT + Beginner + Resistance Band,2,No,100,Keep legs straight.
14,7,Resistance Band Skaters,Full-Body,HIIT,Beginner,Resistance Band,3,15,30,10,HIIT + Beginner + Resistance Band,2,No,100,Engage core.
14,7,Resistance Band Wall Sit,Legs,HIIT,Beginner,Resistance Band,3,30,30,10,HIIT + Beginner + Resistance Band,2,No,100,Hold for 30 seconds.
14,7,Resistance Band Cable Fly,Chest,HIIT,Beginner,Resistance Band,3,15,30,10,HIIT + Beginner + Resistance Band,2,No,100,Use a cable machine.
14,7,Resistance Band Seated Rows,Back,HIIT,Beginner,Resistance Band,3,15,30,10,HIIT + Beginner + Resistance Band,2,No,100,Use a resistance band.
14,7,Resistance Band Plank with Leg Lift,Core,HIIT,Beginner,Resistance Band,3,30,30,10,HIIT + Beginner + Resistance Band,2,No,100,Lift one leg at a time.

15,1,Treadmill Walking,Full-Body,HIIT,Beginner,Treadmill,3,15,30,10,HIIT + Beginner + Treadmill,2,No,100,Warm up with a light walk.
15,1,Treadmill Incline Walk,Legs,HIIT,Beginner,Treadmill,3,15,30,10,HIIT + Beginner + Treadmill,2,No,100,Increase incline gradually.
15,1,Treadmill Jogging,Full-Body,HIIT,Beginner,Treadmill,3,15,30,10,HIIT + Beginner + Treadmill,2,No,100,Start with a s2 jog.
15,1,Treadmill Interval Walking,Legs,HIIT,Beginner,Treadmill,3,15,30,10,HIIT + Beginner + Treadmill,2,No,100,Alternate between walking and jogging.
15,1,Treadmill Cool Down,Full-Body,HIIT,Beginner,Treadmill,3,15,30,10,HIIT + Beginner + Treadmill,2,No,100,S2 down to a walk.
15,2,Treadmill Hill Walking,Full-Body,HIIT,Beginner,Treadmill,3,15,30,10,HIIT + Beginner + Treadmill,2,No,100,Engage glutes and hamstrings.
15,2,Treadmill Steady State Jog,Legs,HIIT,Beginner,Treadmill,3,15,30,10,HIIT + Beginner + Treadmill,2,No,100,Maintain a steady pace.
15,2,Treadmill Interval Jogging,Full-Body,HIIT,Beginner,Treadmill,3,15,30,10,HIIT + Beginner + Treadmill,2,No,100,Alternate between jogging and walking.
15,2,Treadmill Incline Jogging,Legs,HIIT,Beginner,Treadmill,3,15,30,10,HIIT + Beginner + Treadmill,2,No,100,Increase incline gradually.
15,2,Treadmill Cool Down Walk,Full-Body,HIIT,Beginner,Treadmill,3,15,30,10,HIIT + Beginner + Treadmill,2,No,100,S2 down to a walk.
15,3,Treadmill Hill Sprints,Full-Body,HIIT,Beginner,Treadmill,3,15,30,10,HIIT + Beginner + Treadmill,2,No,100,Increase incline gradually.
15,3,Treadmill Steady State Jog,Legs,HIIT,Beginner,Treadmill,3,15,30,10,HIIT + Beginner + Treadmill,2,No,100,Maintain a steady pace.
15,3,Treadmill Interval Jogging,Full-Body,HIIT,Beginner,Treadmill,3,15,30,10,HIIT + Beginner + Treadmill,2,No,100,Alternate between jogging and walking.
15,3,Treadmill Incline Jogging,Legs,HIIT,Beginner,Treadmill,3,15,30,10,HIIT + Beginner + Treadmill,2,No,100,Increase incline gradually.
15,3,Treadmill Cool Down Walk,Full-Body,HIIT,Beginner,Treadmill,3,15,30,10,HIIT + Beginner + Treadmill,2,No,100,S2 down to a walk.
15,4,Treadmill Hill Sprints,Full-Body,HIIT,Beginner,Treadmill,3,15,30,10,HIIT + Beginner + Treadmill,2,No,100,Increase incline gradually.
15,4,Treadmill Steady State Jog,Legs,HIIT,Beginner,Treadmill,3,15,30,10,HIIT + Beginner + Treadmill,2,No,100,Maintain a steady pace.
15,4,Treadmill Interval Jogging,Full-Body,HIIT,Beginner,Treadmill,3,15,30,10,HIIT + Beginner + Treadmill,2,No,100,Alternate between jogging and walking.
15,4,Treadmill Incline Jogging,Legs,HIIT,Beginner,Treadmill,3,15,30,10,HIIT + Beginner + Treadmill,2,No,100,Increase incline gradually.
15,4,Treadmill Cool Down Walk,Full-Body,HIIT,Beginner,Treadmill,3,15,30,10,HIIT + Beginner + Treadmill,2,No,100,S2 down to a walk.
15,5,Treadmill Hill Sprints,Full-Body,HIIT,Beginner,Treadmill,3,15,30,10,HIIT + Beginner + Treadmill,2,No,100,Increase incline gradually.
15,5,Treadmill Steady State Jog,Legs,HIIT,Beginner,Treadmill,3,15,30,10,HIIT + Beginner + Treadmill,2,No,100,Maintain a steady pace.
15,5,Treadmill Interval Jogging,Full-Body,HIIT,Beginner,Treadmill,3,15,30,10,HIIT + Beginner + Treadmill,2,No,100,Alternate between jogging and walking.
15,5,Treadmill Incline Jogging,Legs,HIIT,Beginner,Treadmill,3,15,30,10,HIIT + Beginner + Treadmill,2,No,100,Increase incline gradually.
15,5,Treadmill Cool Down Walk,Full-Body,HIIT,Beginner,Treadmill,3,15,30,10,HIIT + Beginner + Treadmill,2,No,100,S2 down to a walk.
15,6,Treadmill Hill Sprints,Full-Body,HIIT,Beginner,Treadmill,3,15,30,10,HIIT + Beginner + Treadmill,2,No,100,Increase incline gradually.
15,6,Treadmill Steady State Jog,Legs,HIIT,Beginner,Treadmill,3,15,30,10,HIIT + Beginner + Treadmill,2,No,100,Maintain a steady pace.
15,6,Treadmill Interval Jogging,Full-Body,HIIT,Beginner,Treadmill,3,15,30,10,HIIT + Beginner + Treadmill,2,No,100,Alternate between jogging and walking.
15,6,Treadmill Incline Jogging,Legs,HIIT,Beginner,Treadmill,3,15,30,10,HIIT + Beginner + Treadmill,2,No,100,Increase incline gradually.
15,6,Treadmill Cool Down Walk,Full-Body,HIIT,Beginner,Treadmill,3,15,30,10,HIIT + Beginner + Treadmill,2,No,100,S2 down to a walk.
15,7,Treadmill Hill Sprints,Full-Body,HIIT,Beginner,Treadmill,3,15,30,10,HIIT + Beginner + Treadmill,2,No,100,Increase incline gradually.
15,7,Treadmill Steady State Jog,Legs,HIIT,Beginner,Treadmill,3,15,30,10,HIIT + Beginner + Treadmill,2,No,100,Maintain a steady pace.
15,7,Treadmill Interval Jogging,Full-Body,HIIT,Beginner,Treadmill,3,15,30,10,HIIT + Beginner + Treadmill,2,No,100,Alternate between jogging and walking.
15,7,Treadmill Incline Jogging,Legs,HIIT,Beginner,Treadmill,3,15,30,10,HIIT + Beginner + Treadmill,2,No,100,Increase incline gradually.
15,7,Treadmill Cool Down Walk,Full-Body,HIIT,Beginner,Treadmill,3,15,30,10,HIIT + Beginner + Treadmill,2,No,100,S2 down to a walk.

16,1,Jumping Jacks,Full-Body,HIIT,Beginner,None,3,15,30,10,HIIT + Beginner + None,2,No,100,Warm up with light movements.
16,1,Squats,Legs,HIIT,Beginner,None,3,15,30,10,HIIT + Beginner + None,2,No,100,Focus on form.
16,1,Lunges,Legs,HIIT,Beginner,None,3,15,30,10,HIIT + Beginner + None,2,No,100,Keep balance.
16,1,Push-Ups,Chest,HIIT,Beginner,None,3,15,30,10,HIIT + Beginner + None,2,No,100,Modify if needed.
16,1,Rows,Back,HIIT,Beginner,None,3,15,30,10,HIIT + Beginner + None,2,No,100,Control the movement.
16,2,5 Knees,Full-Body,HIIT,Beginner,None,3,15,30,10,HIIT + Beginner + None,2,No,100,Engage core.
16,2,Deadlifts,Legs,HIIT,Beginner,None,3,15,30,10,HIIT + Beginner + None,2,No,100,Keep back straight.
16,2,Shoulder Press,Shoulders,HIIT,Beginner,None,3,15,30,10,HIIT + Beginner + None,2,No,100,Use controlled motion.
16,2,Bicep Curls,Arms,HIIT,Beginner,None,3,15,30,10,HIIT + Beginner + None,2,No,100,Focus on biceps.
16,2,Plank,Core,HIIT,Beginner,None,3,30,30,10,HIIT + Beginner + None,2,No,100,Hold for 30 seconds.
16,3,Burpees,Full-Body,HIIT,Beginner,None,3,15,30,10,HIIT + Beginner + None,2,No,100,Start s2.
16,3,Step-Ups,Legs,HIIT,Beginner,None,3,15,30,10,HIIT + Beginner + None,2,No,100,Use a stable platform.
16,3,Chest Press,Chest,HIIT,Beginner,None,3,15,30,10,HIIT + Beginner + None,2,No,100,Keep elbows close.
16,3,Lat Pulldowns,Back,HIIT,Beginner,None,3,15,30,10,HIIT + Beginner + None,2,No,100,Use a resistance band.
16,3,Side Plank,Core,HIIT,Beginner,None,3,30,30,10,HIIT + Beginner + None,2,No,100,Hold for 30 seconds on each side.
16,4,Mountain Climbers,Full-Body,HIIT,Beginner,None,3,15,30,10,HIIT + Beginner + None,2,No,100,Engage core.
16,4,Bulgarian Split Squats,Legs,HIIT,Beginner,None,3,15,30,10,HIIT + Beginner + None,2,No,100,Use a bench.
16,4,Incline Bench Press,Chest,HIIT,Beginner,None,3,15,30,10,HIIT + Beginner + None,2,No,100,Use an incline bench.
16,4,Bent Over Rows,Back,HIIT,Beginner,None,3,15,30,10,HIIT + Beginner + None,2,No,100,Keep back flat.
16,4,Russian Twists,Core,HIIT,Beginner,None,3,30,30,10,HIIT + Beginner + None,2,No,100,Control the twist.
16,5,Jump Rope,Full-Body,HIIT,Beginner,None,3,15,30,10,HIIT + Beginner + None,2,No,100,Simulate jump rope.
16,5,Single Leg Deadlifts,Legs,HIIT,Beginner,None,3,15,30,10,HIIT + Beginner + None,2,No,100,Keep balance.
16,5,Decline Push-Ups,Chest,HIIT,Beginner,None,3,15,30,10,HIIT + Beginner + None,2,No,100,Use a bench.
16,5,Face Pulls,Shoulders,HIIT,Beginner,None,3,15,30,10,HIIT + Beginner + None,2,No,100,Use a resistance band.
16,5,Bicycle Crunches,Core,HIIT,Beginner,None,3,30,30,10,HIIT + Beginner + None,2,No,100,Control the motion.
16,6,Box Jumps,Full-Body,HIIT,Beginner,None,3,15,30,10,HIIT + Beginner + None,2,No,100,Use a stable box.
16,6,Glute Bridges,Legs,HIIT,Beginner,None,3,15,30,10,HIIT + Beginner + None,2,No,100,Engage glutes.
16,6,Dips,Triceps,HIIT,Beginner,None,3,15,30,10,HIIT + Beginner + None,2,No,100,Use parallel bars.
16,6,Reverse Fly,Shoulders,HIIT,Beginner,None,3,15,30,10,HIIT + Beginner + None,2,No,100,Control the movement.
16,6,Leg Raises,Core,HIIT,Beginner,None,3,30,30,10,HIIT + Beginner + None,2,No,100,Keep legs straight.
16,7,Skaters,Full-Body,HIIT,Beginner,None,3,15,30,10,HIIT + Beginner + None,2,No,100,Engage core.
16,7,Wall Sit,Legs,HIIT,Beginner,None,3,30,30,10,HIIT + Beginner + None,2,No,100,Hold for 30 seconds.
16,7,Cable Fly,Chest,HIIT,Beginner,None,3,15,30,10,HIIT + Beginner + None,2,No,100,Use a cable machine.
16,7,Seated Rows,Back,HIIT,Beginner,None,3,15,30,10,HIIT + Beginner + None,2,No,100,Use a resistance band.
16,7,Plank with Leg Lift,Core,HIIT,Beginner,None,3,30,30,10,HIIT + Beginner + None,2,No,100,Lift one leg at a time.

17,1,Dumbbell Jumping Jacks,Full-Body,HIIT,Intermediate,Dumbbell,4,15,30,10,HIIT + Intermediate + Dumbbell,4,No,150,Warm up with light movements.
17,1,Dumbbell Squats,Legs,HIIT,Intermediate,Dumbbell,4,15,30,10,HIIT + Intermediate + Dumbbell,4,No,150,Focus on form.
17,1,Dumbbell Lunges,Legs,HIIT,Intermediate,Dumbbell,4,15,30,10,HIIT + Intermediate + Dumbbell,4,No,150,Keep weights moderate.
17,1,Dumbbell Push-Ups,Chest,HIIT,Intermediate,Dumbbell,4,15,30,10,HIIT + Intermediate + Dumbbell,4,No,150,Modify if needed.
17,1,Dumbbell Rows,Back,HIIT,Intermediate,Dumbbell,4,15,30,10,HIIT + Intermediate + Dumbbell,4,No,150,Control the movement.
17,2,Dumbbell 5 Knees,Full-Body,HIIT,Intermediate,Dumbbell,4,15,30,10,HIIT + Intermediate + Dumbbell,4,No,150,Engage core.
17,2,Dumbbell Deadlifts,Legs,HIIT,Intermediate,Dumbbell,4,15,30,10,HIIT + Intermediate + Dumbbell,4,No,150,Keep back straight.
17,2,Dumbbell Shoulder Press,Shoulders,HIIT,Intermediate,Dumbbell,4,15,30,10,HIIT + Intermediate + Dumbbell,4,No,150,Use controlled motion.
17,2,Dumbbell Bicep Curls,Arms,HIIT,Intermediate,Dumbbell,4,15,30,10,HIIT + Intermediate + Dumbbell,4,No,150,Focus on biceps.
17,2,Dumbbell Plank,Core,HIIT,Intermediate,Dumbbell,4,30,30,10,HIIT + Intermediate + Dumbbell,4,No,150,Hold for 30 seconds.
17,3,Dumbbell Burpees,Full-Body,HIIT,Intermediate,Dumbbell,4,15,30,10,HIIT + Intermediate + Dumbbell,4,No,150,Start s3.
17,3,Dumbbell Step-Ups,Legs,HIIT,Intermediate,Dumbbell,4,15,30,10,HIIT + Intermediate + Dumbbell,4,No,150,Use a stable platform.
17,3,Dumbbell Chest Press,Chest,HIIT,Intermediate,Dumbbell,4,15,30,10,HIIT + Intermediate + Dumbbell,4,No,150,Keep elbows close.
17,3,Dumbbell Lat Pulldowns,Back,HIIT,Intermediate,Dumbbell,4,15,30,10,HIIT + Intermediate + Dumbbell,4,No,150,Use a resistance band.
17,3,Dumbbell Side Plank,Core,HIIT,Intermediate,Dumbbell,4,30,30,10,HIIT + Intermediate + Dumbbell,4,No,150,Hold for 30 seconds on each side.
17,4,Dumbbell Mountain Climbers,Full-Body,HIIT,Intermediate,Dumbbell,4,15,30,10,HIIT + Intermediate + Dumbbell,4,No,150,Engage core.
17,4,Dumbbell Bulgarian Split Squats,Legs,HIIT,Intermediate,Dumbbell,4,15,30,10,HIIT + Intermediate + Dumbbell,4,No,150,Use a bench.
17,4,Dumbbell Incline Bench Press,Chest,HIIT,Intermediate,Dumbbell,4,15,30,10,HIIT + Intermediate + Dumbbell,4,No,150,Use an incline bench.
17,4,Dumbbell Bent Over Rows,Back,HIIT,Intermediate,Dumbbell,4,15,30,10,HIIT + Intermediate + Dumbbell,4,No,150,Keep back flat.
17,4,Dumbbell Russian Twists,Core,HIIT,Intermediate,Dumbbell,4,30,30,10,HIIT + Intermediate + Dumbbell,4,No,150,Control the twist.
17,5,Dumbbell Jump Rope,Full-Body,HIIT,Intermediate,Dumbbell,4,15,30,10,HIIT + Intermediate + Dumbbell,4,No,150,Simulate jump rope.
17,5,Dumbbell Single Leg Deadlifts,Legs,HIIT,Intermediate,Dumbbell,4,15,30,10,HIIT + Intermediate + Dumbbell,4,No,150,Keep balance.
17,5,Dumbbell Decline Push-Ups,Chest,HIIT,Intermediate,Dumbbell,4,15,30,10,HIIT + Intermediate + Dumbbell,4,No,150,Use a bench.
17,5,Dumbbell Face Pulls,Shoulders,HIIT,Intermediate,Dumbbell,4,15,30,10,HIIT + Intermediate + Dumbbell,4,No,150,Use a resistance band.
17,5,Dumbbell Bicycle Crunches,Core,HIIT,Intermediate,Dumbbell,4,30,30,10,HIIT + Intermediate + Dumbbell,4,No,150,Control the motion.
17,6,Dumbbell Box Jumps,Full-Body,HIIT,Intermediate,Dumbbell,4,15,30,10,HIIT + Intermediate + Dumbbell,4,No,150,Use a stable box.
17,6,Dumbbell Glute Bridges,Legs,HIIT,Intermediate,Dumbbell,4,15,30,10,HIIT + Intermediate + Dumbbell,4,No,150,Engage glutes.
17,6,Dumbbell Dips,Triceps,HIIT,Intermediate,Dumbbell,4,15,30,10,HIIT + Intermediate + Dumbbell,4,No,150,Use parallel bars.
17,6,Dumbbell Reverse Fly,Shoulders,HIIT,Intermediate,Dumbbell,4,15,30,10,HIIT + Intermediate + Dumbbell,4,No,150,Control the movement.
17,6,Dumbbell Leg Raises,Core,HIIT,Intermediate,Dumbbell,4,30,30,10,HIIT + Intermediate + Dumbbell,4,No,150,Keep legs straight.
17,7,Dumbbell Skaters,Full-Body,HIIT,Intermediate,Dumbbell,4,15,30,10,HIIT + Intermediate + Dumbbell,4,No,150,Engage core.
17,7,Dumbbell Wall Sit,Legs,HIIT,Intermediate,Dumbbell,4,30,30,10,HIIT + Intermediate + Dumbbell,4,No,150,Hold for 30 seconds.
17,7,Dumbbell Cable Fly,Chest,HIIT,Intermediate,Dumbbell,4,15,30,10,HIIT + Intermediate + Dumbbell,4,No,150,Use a cable machine.
17,7,Dumbbell Seated Rows,Back,HIIT,Intermediate,Dumbbell,4,15,30,10,HIIT + Intermediate + Dumbbell,4,No,150,Use a resistance band.
17,7,Dumbbell Plank with Leg Lift,Core,HIIT,Intermediate,Dumbbell,4,30,30,10,HIIT + Intermediate + Dumbbell,4,No,150,Lift one leg at a time.

18,1,Resistance Band Jumping Jacks,Full-Body,HIIT,Intermediate,Resistance Band,4,15,30,10,HIIT + Intermediate + Resistance Band,4,No,150,Warm up with light movements.
18,1,Resistance Band Squats,Legs,HIIT,Intermediate,Resistance Band,4,15,30,10,HIIT + Intermediate + Resistance Band,4,No,150,Focus on form.
18,1,Resistance Band Lunges,Legs,HIIT,Intermediate,Resistance Band,4,15,30,10,HIIT + Intermediate + Resistance Band,4,No,150,Keep band taut.
18,1,Resistance Band Push-Ups,Chest,HIIT,Intermediate,Resistance Band,4,15,30,10,HIIT + Intermediate + Resistance Band,4,No,150,Modify if needed.
18,1,Resistance Band Rows,Back,HIIT,Intermediate,Resistance Band,4,15,30,10,HIIT + Intermediate + Resistance Band,4,No,150,Control the movement.
18,2,Resistance Band 5 Knees,Full-Body,HIIT,Intermediate,Resistance Band,4,15,30,10,HIIT + Intermediate + Resistance Band,4,No,150,Engage core.
18,2,Resistance Band Deadlifts,Legs,HIIT,Intermediate,Resistance Band,4,15,30,10,HIIT + Intermediate + Resistance Band,4,No,150,Keep back straight.
18,2,Resistance Band Shoulder Press,Shoulders,HIIT,Intermediate,Resistance Band,4,15,30,10,HIIT + Intermediate + Resistance Band,4,No,150,Use controlled motion.
18,2,Resistance Band Bicep Curls,Arms,HIIT,Intermediate,Resistance Band,4,15,30,10,HIIT + Intermediate + Resistance Band,4,No,150,Focus on biceps.
18,2,Resistance Band Plank,Core,HIIT,Intermediate,Resistance Band,4,30,30,10,HIIT + Intermediate + Resistance Band,4,No,150,Hold for 30 seconds.
18,3,Resistance Band Burpees,Full-Body,HIIT,Intermediate,Resistance Band,4,15,30,10,HIIT + Intermediate + Resistance Band,4,No,150,Start s3.
18,3,Resistance Band Step-Ups,Legs,HIIT,Intermediate,Resistance Band,4,15,30,10,HIIT + Intermediate + Resistance Band,4,No,150,Use a stable platform.
18,3,Resistance Band Chest Press,Chest,HIIT,Intermediate,Resistance Band,4,15,30,10,HIIT + Intermediate + Resistance Band,4,No,150,Keep elbows close.
18,3,Resistance Band Lat Pulldowns,Back,HIIT,Intermediate,Resistance Band,4,15,30,10,HIIT + Intermediate + Resistance Band,4,No,150,Use a resistance band.
18,3,Resistance Band Side Plank,Core,HIIT,Intermediate,Resistance Band,4,30,30,10,HIIT + Intermediate + Resistance Band,4,No,150,Hold for 30 seconds on each side.
18,4,Resistance Band Mountain Climbers,Full-Body,HIIT,Intermediate,Resistance Band,4,15,30,10,HIIT + Intermediate + Resistance Band,4,No,150,Engage core.
18,4,Resistance Band Bulgarian Split Squats,Legs,HIIT,Intermediate,Resistance Band,4,15,30,10,HIIT + Intermediate + Resistance Band,4,No,150,Use a bench.
18,4,Resistance Band Incline Bench Press,Chest,HIIT,Intermediate,Resistance Band,4,15,30,10,HIIT + Intermediate + Resistance Band,4,No,150,Use an incline bench.
18,4,Resistance Band Bent Over Rows,Back,HIIT,Intermediate,Resistance Band,4,15,30,10,HIIT + Intermediate + Resistance Band,4,No,150,Keep back flat.
18,4,Resistance Band Russian Twists,Core,HIIT,Intermediate,Resistance Band,4,30,30,10,HIIT + Intermediate + Resistance Band,4,No,150,Control the twist.
18,5,Resistance Band Jump Rope,Full-Body,HIIT,Intermediate,Resistance Band,4,15,30,10,HIIT + Intermediate + Resistance Band,4,No,150,Simulate jump rope.
18,5,Resistance Band Single Leg Deadlifts,Legs,HIIT,Intermediate,Resistance Band,4,15,30,10,HIIT + Intermediate + Resistance Band,4,No,150,Keep balance.
18,5,Resistance Band Decline Push-Ups,Chest,HIIT,Intermediate,Resistance Band,4,15,30,10,HIIT + Intermediate + Resistance Band,4,No,150,Use a bench.
18,5,Resistance Band Face Pulls,Shoulders,HIIT,Intermediate,Resistance Band,4,15,30,10,HIIT + Intermediate + Resistance Band,4,No,150,Use a resistance band.
18,5,Resistance Band Bicycle Crunches,Core,HIIT,Intermediate,Resistance Band,4,30,30,10,HIIT + Intermediate + Resistance Band,4,No,150,Control the motion.
18,6,Resistance Band Box Jumps,Full-Body,HIIT,Intermediate,Resistance Band,4,15,30,10,HIIT + Intermediate + Resistance Band,4,No,150,Use a stable box.
18,6,Resistance Band Glute Bridges,Legs,HIIT,Intermediate,Resistance Band,4,15,30,10,HIIT + Intermediate + Resistance Band,4,No,150,Engage glutes.
18,6,Resistance Band Dips,Triceps,HIIT,Intermediate,Resistance Band,4,15,30,10,HIIT + Intermediate + Resistance Band,4,No,150,Use parallel bars.
18,6,Resistance Band Reverse Fly,Shoulders,HIIT,Intermediate,Resistance Band,4,15,30,10,HIIT + Intermediate + Resistance Band,4,No,150,Control the movement.
18,6,Resistance Band Leg Raises,Core,HIIT,Intermediate,Resistance Band,4,30,30,10,HIIT + Intermediate + Resistance Band,4,No,150,Keep legs straight.
18,7,Resistance Band Skaters,Full-Body,HIIT,Intermediate,Resistance Band,4,15,30,10,HIIT + Intermediate + Resistance Band,4,No,150,Engage core.
18,7,Resistance Band Wall Sit,Legs,HIIT,Intermediate,Resistance Band,4,30,30,10,HIIT + Intermediate + Resistance Band,4,No,150,Hold for 30 seconds.
18,7,Resistance Band Cable Fly,Chest,HIIT,Intermediate,Resistance Band,4,15,30,10,HIIT + Intermediate + Resistance Band,4,No,150,Use a cable machine.
18,7,Resistance Band Seated Rows,Back,HIIT,Intermediate,Resistance Band,4,15,30,10,HIIT + Intermediate + Resistance Band,4,No,150,Use a resistance band.
18,7,Resistance Band Plank with Leg Lift,Core,HIIT,Intermediate,Resistance Band,4,30,30,10,HIIT + Intermediate + Resistance Band,4,No,150,Lift one leg at a time.

19,1,Treadmill Walking,Full-Body,HIIT,Intermediate,Treadmill,4,15,30,10,HIIT + Intermediate + Treadmill,4,No,150,Warm up with a light walk.
19,1,Treadmill Incline Walk,Legs,HIIT,Intermediate,Treadmill,4,15,30,10,HIIT + Intermediate + Treadmill,4,No,150,Increase incline gradually.
19,1,Treadmill Jogging,Full-Body,HIIT,Intermediate,Treadmill,4,15,30,10,HIIT + Intermediate + Treadmill,4,No,150,Start with a moderate jog.
19,1,Treadmill Interval Walking,Legs,HIIT,Intermediate,Treadmill,4,15,30,10,HIIT + Intermediate + Treadmill,4,No,150,Alternate between walking and jogging.
19,1,Treadmill Cool Down,Full-Body,HIIT,Intermediate,Treadmill,4,15,30,10,HIIT + Intermediate + Treadmill,4,No,150,S3 down to a walk.
19,2,Treadmill Hill Walking,Full-Body,HIIT,Intermediate,Treadmill,4,15,30,10,HIIT + Intermediate + Treadmill,4,No,150,Engage glutes and hamstrings.
19,2,Treadmill Steady State Jog,Legs,HIIT,Intermediate,Treadmill,4,15,30,10,HIIT + Intermediate + Treadmill,4,No,150,Maintain a steady pace.
19,2,Treadmill Interval Jogging,Full-Body,HIIT,Intermediate,Treadmill,4,15,30,10,HIIT + Intermediate + Treadmill,4,No,150,Alternate between jogging and walking.
19,2,Treadmill Incline Jogging,Legs,HIIT,Intermediate,Treadmill,4,15,30,10,HIIT + Intermediate + Treadmill,4,No,150,Increase incline gradually.
19,2,Treadmill Cool Down Walk,Full-Body,HIIT,Intermediate,Treadmill,4,15,30,10,HIIT + Intermediate + Treadmill,4,No,150,S3 down to a walk.
19,3,Treadmill Hill Sprints,Full-Body,HIIT,Intermediate,Treadmill,4,15,30,10,HIIT + Intermediate + Treadmill,4,No,150,Increase incline gradually.
19,3,Treadmill Steady State Jog,Legs,HIIT,Intermediate,Treadmill,4,15,30,10,HIIT + Intermediate + Treadmill,4,No,150,Maintain a steady pace.
19,3,Treadmill Interval Jogging,Full-Body,HIIT,Intermediate,Treadmill,4,15,30,10,HIIT + Intermediate + Treadmill,4,No,150,Alternate between jogging and walking.
19,3,Treadmill Incline Jogging,Legs,HIIT,Intermediate,Treadmill,4,15,30,10,HIIT + Intermediate + Treadmill,4,No,150,Increase incline gradually.
19,3,Treadmill Cool Down Walk,Full-Body,HIIT,Intermediate,Treadmill,4,15,30,10,HIIT + Intermediate + Treadmill,4,No,150,S3 down to a walk.
19,4,Treadmill Hill Sprints,Full-Body,HIIT,Intermediate,Treadmill,4,15,30,10,HIIT + Intermediate + Treadmill,4,No,150,Increase incline gradually.
19,4,Treadmill Steady State Jog,Legs,HIIT,Intermediate,Treadmill,4,15,30,10,HIIT + Intermediate + Treadmill,4,No,150,Maintain a steady pace.
19,4,Treadmill Interval Jogging,Full-Body,HIIT,Intermediate,Treadmill,4,15,30,10,HIIT + Intermediate + Treadmill,4,No,150,Alternate between jogging and walking.
19,4,Treadmill Incline Jogging,Legs,HIIT,Intermediate,Treadmill,4,15,30,10,HIIT + Intermediate + Treadmill,4,No,150,Increase incline gradually.
19,4,Treadmill Cool Down Walk,Full-Body,HIIT,Intermediate,Treadmill,4,15,30,10,HIIT + Intermediate + Treadmill,4,No,150,S3 down to a walk.
19,5,Treadmill Hill Sprints,Full-Body,HIIT,Intermediate,Treadmill,4,15,30,10,HIIT + Intermediate + Treadmill,4,No,150,Increase incline gradually.
19,5,Treadmill Steady State Jog,Legs,HIIT,Intermediate,Treadmill,4,15,30,10,HIIT + Intermediate + Treadmill,4,No,150,Maintain a steady pace.
19,5,Treadmill Interval Jogging,Full-Body,HIIT,Intermediate,Treadmill,4,15,30,10,HIIT + Intermediate + Treadmill,4,No,150,Alternate between jogging and walking.
19,5,Treadmill Incline Jogging,Legs,HIIT,Intermediate,Treadmill,4,15,30,10,HIIT + Intermediate + Treadmill,4,No,150,Increase incline gradually.
19,5,Treadmill Cool Down Walk,Full-Body,HIIT,Intermediate,Treadmill,4,15,30,10,HIIT + Intermediate + Treadmill,4,No,150,S3 down to a walk.
19,6,Treadmill Hill Sprints,Full-Body,HIIT,Intermediate,Treadmill,4,15,30,10,HIIT + Intermediate + Treadmill,4,No,150,Increase incline gradually.
19,6,Treadmill Steady State Jog,Legs,HIIT,Intermediate,Treadmill,4,15,30,10,HIIT + Intermediate + Treadmill,4,No,150,Maintain a steady pace.
19,6,Treadmill Interval Jogging,Full-Body,HIIT,Intermediate,Treadmill,4,15,30,10,HIIT + Intermediate + Treadmill,4,No,150,Alternate between jogging and walking.
19,6,Treadmill Incline Jogging,Legs,HIIT,Intermediate,Treadmill,4,15,30,10,HIIT + Intermediate + Treadmill,4,No,150,Increase incline gradually.
19,6,Treadmill Cool Down Walk,Full-Body,HIIT,Intermediate,Treadmill,4,15,30,10,HIIT + Intermediate + Treadmill,4,No,150,S3 down to a walk.
19,7,Treadmill Hill Sprints,Full-Body,HIIT,Intermediate,Treadmill,4,15,30,10,HIIT + Intermediate + Treadmill,4,No,150,Increase incline gradually.
19,7,Treadmill Steady State Jog,Legs,HIIT,Intermediate,Treadmill,4,15,30,10,HIIT + Intermediate + Treadmill,4,No,150,Maintain a steady pace.
19,7,Treadmill Interval Jogging,Full-Body,HIIT,Intermediate,Treadmill,4,15,30,10,HIIT + Intermediate + Treadmill,4,No,150,Alternate between jogging and walking.
19,7,Treadmill Incline Jogging,Legs,HIIT,Intermediate,Treadmill,4,15,30,10,HIIT + Intermediate + Treadmill,4,No,150,Increase incline gradually.
19,7,Treadmill Cool Down Walk,Full-Body,HIIT,Intermediate,Treadmill,4,15,30,10,HIIT + Intermediate + Treadmill,4,No,150,S3 down to a walk.

20,1,Jumping Jacks,Full-Body,HIIT,Intermediate,None,4,15,30,10,HIIT + Intermediate + None,4,No,150,Warm up with light movements.
20,1,Squats,Legs,HIIT,Intermediate,None,4,15,30,10,HIIT + Intermediate + None,4,No,150,Focus on form.
20,1,Lunges,Legs,HIIT,Intermediate,None,4,15,30,10,HIIT + Intermediate + None,4,No,150,Keep balance.
20,1,Push-Ups,Chest,HIIT,Intermediate,None,4,15,30,10,HIIT + Intermediate + None,4,No,150,Modify if needed.
20,1,Rows,Back,HIIT,Intermediate,None,4,15,30,10,HIIT + Intermediate + None,4,No,150,Control the movement.
20,2,5 Knees,Full-Body,HIIT,Intermediate,None,4,15,30,10,HIIT + Intermediate + None,4,No,150,Engage core.
20,2,Deadlifts,Legs,HIIT,Intermediate,None,4,15,30,10,HIIT + Intermediate + None,4,No,150,Keep back straight.
20,2,Shoulder Press,Shoulders,HIIT,Intermediate,None,4,15,30,10,HIIT + Intermediate + None,4,No,150,Use controlled motion.
20,2,Bicep Curls,Arms,HIIT,Intermediate,None,4,15,30,10,HIIT + Intermediate + None,4,No,150,Focus on biceps.
20,2,Plank,Core,HIIT,Intermediate,None,4,30,30,10,HIIT + Intermediate + None,4,No,150,Hold for 30 seconds.
20,3,Burpees,Full-Body,HIIT,Intermediate,None,4,15,30,10,HIIT + Intermediate + None,4,No,150,Start s3.
20,3,Step-Ups,Legs,HIIT,Intermediate,None,4,15,30,10,HIIT + Intermediate + None,4,No,150,Use a stable platform.
20,3,Chest Press,Chest,HIIT,Intermediate,None,4,15,30,10,HIIT + Intermediate + None,4,No,150,Keep elbows close.
20,3,Lat Pulldowns,Back,HIIT,Intermediate,None,4,15,30,10,HIIT + Intermediate + None,4,No,150,Use a resistance band.
20,3,Side Plank,Core,HIIT,Intermediate,None,4,30,30,10,HIIT + Intermediate + None,4,No,150,Hold for 30 seconds on each side.
20,4,Mountain Climbers,Full-Body,HIIT,Intermediate,None,4,15,30,10,HIIT + Intermediate + None,4,No,150,Engage core.
20,4,Bulgarian Split Squats,Legs,HIIT,Intermediate,None,4,15,30,10,HIIT + Intermediate + None,4,No,150,Use a bench.
20,4,Incline Bench Press,Chest,HIIT,Intermediate,None,4,15,30,10,HIIT + Intermediate + None,4,No,150,Use an incline bench.
20,4,Bent Over Rows,Back,HIIT,Intermediate,None,4,15,30,10,HIIT + Intermediate + None,4,No,150,Keep back flat.
20,4,Russian Twists,Core,HIIT,Intermediate,None,4,30,30,10,HIIT + Intermediate + None,4,No,150,Control the twist.
20,5,Jump Rope,Full-Body,HIIT,Intermediate,None,4,15,30,10,HIIT + Intermediate + None,4,No,150,Simulate jump rope.
20,5,Single Leg Deadlifts,Legs,HIIT,Intermediate,None,4,15,30,10,HIIT + Intermediate + None,4,No,150,Keep balance.
20,5,Decline Push-Ups,Chest,HIIT,Intermediate,None,4,15,30,10,HIIT + Intermediate + None,4,No,150,Use a bench.
20,5,Face Pulls,Shoulders,HIIT,Intermediate,None,4,15,30,10,HIIT + Intermediate + None,4,No,150,Use a resistance band.
20,5,Bicycle Crunches,Core,HIIT,Intermediate,None,4,30,30,10,HIIT + Intermediate + None,4,No,150,Control the motion.
20,6,Box Jumps,Full-Body,HIIT,Intermediate,None,4,15,30,10,HIIT + Intermediate + None,4,No,150,Use a stable box.
20,6,Glute Bridges,Legs,HIIT,Intermediate,None,4,15,30,10,HIIT + Intermediate + None,4,No,150,Engage glutes.
20,6,Dips,Triceps,HIIT,Intermediate,None,4,15,30,10,HIIT + Intermediate + None,4,No,150,Use parallel bars.
20,6,Reverse Fly,Shoulders,HIIT,Intermediate,None,4,15,30,10,HIIT + Intermediate + None,4,No,150,Control the movement.
20,6,Leg Raises,Core,HIIT,Intermediate,None,4,30,30,10,HIIT + Intermediate + None,4,No,150,Keep legs straight.
20,7,Skaters,Full-Body,HIIT,Intermediate,None,4,15,30,10,HIIT + Intermediate + None,4,No,150,Engage core.
20,7,Wall Sit,Legs,HIIT,Intermediate,None,4,30,30,10,HIIT + Intermediate + None,4,No,150,Hold for 30 seconds.
20,7,Cable Fly,Chest,HIIT,Intermediate,None,4,15,30,10,HIIT + Intermediate + None,4,No,150,Use a cable machine.
20,7,Seated Rows,Back,HIIT,Intermediate,None,4,15,30,10,HIIT + Intermediate + None,4,No,150,Use a resistance band.
20,7,Plank with Leg Lift,Core,HIIT,Intermediate,None,4,30,30,10,HIIT + Intermediate + None,4,No,150,Lift one leg at a time.

21,1,Dumbbell Jumping Jacks,Full-Body,HIIT,Advanced,Dumbbell,5,15,30,10,HIIT + Advanced + Dumbbell,5,No,200,Warm up with light movements.
21,1,Dumbbell Squats,Legs,HIIT,Advanced,Dumbbell,5,15,30,10,HIIT + Advanced + Dumbbell,5,No,200,Focus on form.
21,1,Dumbbell Lunges,Legs,HIIT,Advanced,Dumbbell,5,15,30,10,HIIT + Advanced + Dumbbell,5,No,200,Keep weights heavy.
21,1,Dumbbell Push-Ups,Chest,HIIT,Advanced,Dumbbell,5,15,30,10,HIIT + Advanced + Dumbbell,5,No,200,Modify if needed.
21,1,Dumbbell Rows,Back,HIIT,Advanced,Dumbbell,5,15,30,10,HIIT + Advanced + Dumbbell,5,No,200,Control the movement.
21,2,Dumbbell 5 Knees,Full-Body,HIIT,Advanced,Dumbbell,5,15,30,10,HIIT + Advanced + Dumbbell,5,No,200,Engage core.
21,2,Dumbbell Deadlifts,Legs,HIIT,Advanced,Dumbbell,5,15,30,10,HIIT + Advanced + Dumbbell,5,No,200,Keep back straight.
21,2,Dumbbell Shoulder Press,Shoulders,HIIT,Advanced,Dumbbell,5,15,30,10,HIIT + Advanced + Dumbbell,5,No,200,Use controlled motion.
21,2,Dumbbell Bicep Curls,Arms,HIIT,Advanced,Dumbbell,5,15,30,10,HIIT + Advanced + Dumbbell,5,No,200,Focus on biceps.
21,2,Dumbbell Plank,Core,HIIT,Advanced,Dumbbell,5,30,30,10,HIIT + Advanced + Dumbbell,5,No,200,Hold for 30 seconds.
21,3,Dumbbell Burpees,Full-Body,HIIT,Advanced,Dumbbell,5,15,30,10,HIIT + Advanced + Dumbbell,5,No,200,Start s4.
21,3,Dumbbell Step-Ups,Legs,HIIT,Advanced,Dumbbell,5,15,30,10,HIIT + Advanced + Dumbbell,5,No,200,Use a stable platform.
21,3,Dumbbell Chest Press,Chest,HIIT,Advanced,Dumbbell,5,15,30,10,HIIT + Advanced + Dumbbell,5,No,200,Keep elbows close.
21,3,Dumbbell Lat Pulldowns,Back,HIIT,Advanced,Dumbbell,5,15,30,10,HIIT + Advanced + Dumbbell,5,No,200,Use a resistance band.
21,3,Dumbbell Side Plank,Core,HIIT,Advanced,Dumbbell,5,30,30,10,HIIT + Advanced + Dumbbell,5,No,200,Hold for 30 seconds on each side.
21,4,Dumbbell Mountain Climbers,Full-Body,HIIT,Advanced,Dumbbell,5,15,30,10,HIIT + Advanced + Dumbbell,5,No,200,Engage core.
21,4,Dumbbell Bulgarian Split Squats,Legs,HIIT,Advanced,Dumbbell,5,15,30,10,HIIT + Advanced + Dumbbell,5,No,200,Use a bench.
21,4,Dumbbell Incline Bench Press,Chest,HIIT,Advanced,Dumbbell,5,15,30,10,HIIT + Advanced + Dumbbell,5,No,200,Use an incline bench.
21,4,Dumbbell Bent Over Rows,Back,HIIT,Advanced,Dumbbell,5,15,30,10,HIIT + Advanced + Dumbbell,5,No,200,Keep back flat.
21,4,Dumbbell Russian Twists,Core,HIIT,Advanced,Dumbbell,5,30,30,10,HIIT + Advanced + Dumbbell,5,No,200,Control the twist.
21,5,Dumbbell Jump Rope,Full-Body,HIIT,Advanced,Dumbbell,5,15,30,10,HIIT + Advanced + Dumbbell,5,No,200,Simulate jump rope.
21,5,Dumbbell Single Leg Deadlifts,Legs,HIIT,Advanced,Dumbbell,5,15,30,10,HIIT + Advanced + Dumbbell,5,No,200,Keep balance.
21,5,Dumbbell Decline Push-Ups,Chest,HIIT,Advanced,Dumbbell,5,15,30,10,HIIT + Advanced + Dumbbell,5,No,200,Use a bench.
21,5,Dumbbell Face Pulls,Shoulders,HIIT,Advanced,Dumbbell,5,15,30,10,HIIT + Advanced + Dumbbell,5,No,200,Use a resistance band.
21,5,Dumbbell Bicycle Crunches,Core,HIIT,Advanced,Dumbbell,5,30,30,10,HIIT + Advanced + Dumbbell,5,No,200,Control the motion.
21,6,Dumbbell Box Jumps,Full-Body,HIIT,Advanced,Dumbbell,5,15,30,10,HIIT + Advanced + Dumbbell,5,No,200,Use a stable box.
21,6,Dumbbell Glute Bridges,Legs,HIIT,Advanced,Dumbbell,5,15,30,10,HIIT + Advanced + Dumbbell,5,No,200,Engage glutes.
21,6,Dumbbell Dips,Triceps,HIIT,Advanced,Dumbbell,5,15,30,10,HIIT + Advanced + Dumbbell,5,No,200,Use parallel bars.
21,6,Dumbbell Reverse Fly,Shoulders,HIIT,Advanced,Dumbbell,5,15,30,10,HIIT + Advanced + Dumbbell,5,No,200,Control the movement.
21,6,Dumbbell Leg Raises,Core,HIIT,Advanced,Dumbbell,5,30,30,10,HIIT + Advanced + Dumbbell,5,No,200,Keep legs straight.
21,7,Dumbbell Skaters,Full-Body,HIIT,Advanced,Dumbbell,5,15,30,10,HIIT + Advanced + Dumbbell,5,No,200,Engage core.
21,7,Dumbbell Wall Sit,Legs,HIIT,Advanced,Dumbbell,5,30,30,10,HIIT + Advanced + Dumbbell,5,No,200,Hold for 30 seconds.
21,7,Dumbbell Cable Fly,Chest,HIIT,Advanced,Dumbbell,5,15,30,10,HIIT + Advanced + Dumbbell,5,No,200,Use a cable machine.
21,7,Dumbbell Seated Rows,Back,HIIT,Advanced,Dumbbell,5,15,30,10,HIIT + Advanced + Dumbbell,5,No,200,Use a resistance band.
21,7,Dumbbell Plank with Leg Lift,Core,HIIT,Advanced,Dumbbell,5,30,30,10,HIIT + Advanced + Dumbbell,5,No,200,Lift one leg at a time.

22,1,Resistance Band Jumping Jacks,Full-Body,HIIT,Advanced,Resistance Band,5,15,30,10,HIIT + Advanced + Resistance Band,5,No,200,Warm up with light movements.
22,1,Resistance Band Squats,Legs,HIIT,Advanced,Resistance Band,5,15,30,10,HIIT + Advanced + Resistance Band,5,No,200,Focus on form.
22,1,Resistance Band Lunges,Legs,HIIT,Advanced,Resistance Band,5,15,30,10,HIIT + Advanced + Resistance Band,5,No,200,Keep band taut.
22,1,Resistance Band Push-Ups,Chest,HIIT,Advanced,Resistance Band,5,15,30,10,HIIT + Advanced + Resistance Band,5,No,200,Modify if needed.
22,1,Resistance Band Rows,Back,HIIT,Advanced,Resistance Band,5,15,30,10,HIIT + Advanced + Resistance Band,5,No,200,Control the movement.
22,2,Resistance Band 5 Knees,Full-Body,HIIT,Advanced,Resistance Band,5,15,30,10,HIIT + Advanced + Resistance Band,5,No,200,Engage core.
22,2,Resistance Band Deadlifts,Legs,HIIT,Advanced,Resistance Band,5,15,30,10,HIIT + Advanced + Resistance Band,5,No,200,Keep back straight.
22,2,Resistance Band Shoulder Press,Shoulders,HIIT,Advanced,Resistance Band,5,15,30,10,HIIT + Advanced + Resistance Band,5,No,200,Use controlled motion.
22,2,Resistance Band Bicep Curls,Arms,HIIT,Advanced,Resistance Band,5,15,30,10,HIIT + Advanced + Resistance Band,5,No,200,Focus on biceps.
22,2,Resistance Band Plank,Core,HIIT,Advanced,Resistance Band,5,30,30,10,HIIT + Advanced + Resistance Band,5,No,200,Hold for 30 seconds.
22,3,Resistance Band Burpees,Full-Body,HIIT,Advanced,Resistance Band,5,15,30,10,HIIT + Advanced + Resistance Band,5,No,200,Start s4.
22,3,Resistance Band Step-Ups,Legs,HIIT,Advanced,Resistance Band,5,15,30,10,HIIT + Advanced + Resistance Band,5,No,200,Use a stable platform.
22,3,Resistance Band Chest Press,Chest,HIIT,Advanced,Resistance Band,5,15,30,10,HIIT + Advanced + Resistance Band,5,No,200,Keep elbows close.
22,3,Resistance Band Lat Pulldowns,Back,HIIT,Advanced,Resistance Band,5,15,30,10,HIIT + Advanced + Resistance Band,5,No,200,Use a resistance band.
22,3,Resistance Band Side Plank,Core,HIIT,Advanced,Resistance Band,5,30,30,10,HIIT + Advanced + Resistance Band,5,No,200,Hold for 30 seconds on each side.
22,4,Resistance Band Mountain Climbers,Full-Body,HIIT,Advanced,Resistance Band,5,15,30,10,HIIT + Advanced + Resistance Band,5,No,200,Engage core.
22,4,Resistance Band Bulgarian Split Squats,Legs,HIIT,Advanced,Resistance Band,5,15,30,10,HIIT + Advanced + Resistance Band,5,No,200,Use a bench.
22,4,Resistance Band Incline Bench Press,Chest,HIIT,Advanced,Resistance Band,5,15,30,10,HIIT + Advanced + Resistance Band,5,No,200,Use an incline bench.
22,4,Resistance Band Bent Over Rows,Back,HIIT,Advanced,Resistance Band,5,15,30,10,HIIT + Advanced + Resistance Band,5,No,200,Keep back flat.
22,4,Resistance Band Russian Twists,Core,HIIT,Advanced,Resistance Band,5,30,30,10,HIIT + Advanced + Resistance Band,5,No,200,Control the twist.
22,5,Resistance Band Jump Rope,Full-Body,HIIT,Advanced,Resistance Band,5,15,30,10,HIIT + Advanced + Resistance Band,5,No,200,Simulate jump rope.
22,5,Resistance Band Single Leg Deadlifts,Legs,HIIT,Advanced,Resistance Band,5,15,30,10,HIIT + Advanced + Resistance Band,5,No,200,Keep balance.
22,5,Resistance Band Decline Push-Ups,Chest,HIIT,Advanced,Resistance Band,5,15,30,10,HIIT + Advanced + Resistance Band,5,No,200,Use a bench.
22,5,Resistance Band Face Pulls,Shoulders,HIIT,Advanced,Resistance Band,5,15,30,10,HIIT + Advanced + Resistance Band,5,No,200,Use a resistance band.
22,5,Resistance Band Bicycle Crunches,Core,HIIT,Advanced,Resistance Band,5,30,30,10,HIIT + Advanced + Resistance Band,5,No,200,Control the motion.
22,6,Resistance Band Box Jumps,Full-Body,HIIT,Advanced,Resistance Band,5,15,30,10,HIIT + Advanced + Resistance Band,5,No,200,Use a stable box.
22,6,Resistance Band Glute Bridges,Legs,HIIT,Advanced,Resistance Band,5,15,30,10,HIIT + Advanced + Resistance Band,5,No,200,Engage glutes.
22,6,Resistance Band Dips,Triceps,HIIT,Advanced,Resistance Band,5,15,30,10,HIIT + Advanced + Resistance Band,5,No,200,Use parallel bars.
22,6,Resistance Band Reverse Fly,Shoulders,HIIT,Advanced,Resistance Band,5,15,30,10,HIIT + Advanced + Resistance Band,5,No,200,Control the movement.
22,6,Resistance Band Leg Raises,Core,HIIT,Advanced,Resistance Band,5,30,30,10,HIIT + Advanced + Resistance Band,5,No,200,Keep legs straight.
22,7,Resistance Band Skaters,Full-Body,HIIT,Advanced,Resistance Band,5,15,30,10,HIIT + Advanced + Resistance Band,5,No,200,Engage core.
22,7,Resistance Band Wall Sit,Legs,HIIT,Advanced,Resistance Band,5,30,30,10,HIIT + Advanced + Resistance Band,5,No,200,Hold for 30 seconds.
22,7,Resistance Band Cable Fly,Chest,HIIT,Advanced,Resistance Band,5,15,30,10,HIIT + Advanced + Resistance Band,5,No,200,Use a cable machine.
22,7,Resistance Band Seated Rows,Back,HIIT,Advanced,Resistance Band,5,15,30,10,HIIT + Advanced + Resistance Band,5,No,200,Use a resistance band.
22,7,Resistance Band Plank with Leg Lift,Core,HIIT,Advanced,Resistance Band,5,30,30,10,HIIT + Advanced + Resistance Band,5,No,200,Lift one leg at a time.

23,1,Treadmill Walking,Full-Body,HIIT,Advanced,Treadmill,5,15,30,10,HIIT + Advanced + Treadmill,5,No,200,Warm up with a light walk.
23,1,Treadmill Incline Walk,Legs,HIIT,Advanced,Treadmill,5,15,30,10,HIIT + Advanced + Treadmill,5,No,200,Increase incline gradually.
23,1,Treadmill Jogging,Full-Body,HIIT,Advanced,Treadmill,5,15,30,10,HIIT + Advanced + Treadmill,5,No,200,Start with a fast jog.
23,1,Treadmill Interval Walking,Legs,HIIT,Advanced,Treadmill,5,15,30,10,HIIT + Advanced + Treadmill,5,No,200,Alternate between walking and jogging.
23,1,Treadmill Cool Down,Full-Body,HIIT,Advanced,Treadmill,5,15,30,10,HIIT + Advanced + Treadmill,5,No,200,S4 down to a walk.
23,2,Treadmill Hill Walking,Full-Body,HIIT,Advanced,Treadmill,5,15,30,10,HIIT + Advanced + Treadmill,5,No,200,Engage glutes and hamstrings.
23,2,Treadmill Steady State Jog,Legs,HIIT,Advanced,Treadmill,5,15,30,10,HIIT + Advanced + Treadmill,5,No,200,Maintain a steady pace.
23,2,Treadmill Interval Jogging,Full-Body,HIIT,Advanced,Treadmill,5,15,30,10,HIIT + Advanced + Treadmill,5,No,200,Alternate between jogging and walking.
23,2,Treadmill Incline Jogging,Legs,HIIT,Advanced,Treadmill,5,15,30,10,HIIT + Advanced + Treadmill,5,No,200,Increase incline gradually.
23,2,Treadmill Cool Down Walk,Full-Body,HIIT,Advanced,Treadmill,5,15,30,10,HIIT + Advanced + Treadmill,5,No,200,S4 down to a walk.
23,3,Treadmill Hill Sprints,Full-Body,HIIT,Advanced,Treadmill,5,15,30,10,HIIT + Advanced + Treadmill,5,No,200,Increase incline gradually.
23,3,Treadmill Steady State Jog,Legs,HIIT,Advanced,Treadmill,5,15,30,10,HIIT + Advanced + Treadmill,5,No,200,Maintain a steady pace.
23,3,Treadmill Interval Jogging,Full-Body,HIIT,Advanced,Treadmill,5,15,30,10,HIIT + Advanced + Treadmill,5,No,200,Alternate between jogging and walking.
23,3,Treadmill Incline Jogging,Legs,HIIT,Advanced,Treadmill,5,15,30,10,HIIT + Advanced + Treadmill,5,No,200,Increase incline gradually.
23,3,Treadmill Cool Down Walk,Full-Body,HIIT,Advanced,Treadmill,5,15,30,10,HIIT + Advanced + Treadmill,5,No,200,S4 down to a walk.
23,4,Treadmill Hill Sprints,Full-Body,HIIT,Advanced,Treadmill,5,15,30,10,HIIT + Advanced + Treadmill,5,No,200,Increase incline gradually.
23,4,Treadmill Steady State Jog,Legs,HIIT,Advanced,Treadmill,5,15,30,10,HIIT + Advanced + Treadmill,5,No,200,Maintain a steady pace.
23,4,Treadmill Interval Jogging,Full-Body,HIIT,Advanced,Treadmill,5,15,30,10,HIIT + Advanced + Treadmill,5,No,200,Alternate between jogging and walking.
23,4,Treadmill Incline Jogging,Legs,HIIT,Advanced,Treadmill,5,15,30,10,HIIT + Advanced + Treadmill,5,No,200,Increase incline gradually.
23,4,Treadmill Cool Down Walk,Full-Body,HIIT,Advanced,Treadmill,5,15,30,10,HIIT + Advanced + Treadmill,5,No,200,S4 down to a walk.
23,5,Treadmill Hill Sprints,Full-Body,HIIT,Advanced,Treadmill,5,15,30,10,HIIT + Advanced + Treadmill,5,No,200,Increase incline gradually.
23,5,Treadmill Steady State Jog,Legs,HIIT,Advanced,Treadmill,5,15,30,10,HIIT + Advanced + Treadmill,5,No,200,Maintain a steady pace.
23,5,Treadmill Interval Jogging,Full-Body,HIIT,Advanced,Treadmill,5,15,30,10,HIIT + Advanced + Treadmill,5,No,200,Alternate between jogging and walking.
23,5,Treadmill Incline Jogging,Legs,HIIT,Advanced,Treadmill,5,15,30,10,HIIT + Advanced + Treadmill,5,No,200,Increase incline gradually.
23,5,Treadmill Cool Down Walk,Full-Body,HIIT,Advanced,Treadmill,5,15,30,10,HIIT + Advanced + Treadmill,5,No,200,S4 down to a walk.
23,6,Treadmill Hill Sprints,Full-Body,HIIT,Advanced,Treadmill,5,15,30,10,HIIT + Advanced + Treadmill,5,No,200,Increase incline gradually.
23,6,Treadmill Steady State Jog,Legs,HIIT,Advanced,Treadmill,5,15,30,10,HIIT + Advanced + Treadmill,5,No,200,Maintain a steady pace.
23,6,Treadmill Interval Jogging,Full-Body,HIIT,Advanced,Treadmill,5,15,30,10,HIIT + Advanced + Treadmill,5,No,200,Alternate between jogging and walking.
23,6,Treadmill Incline Jogging,Legs,HIIT,Advanced,Treadmill,5,15,30,10,HIIT + Advanced + Treadmill,5,No,200,Increase incline gradually.
23,6,Treadmill Cool Down Walk,Full-Body,HIIT,Advanced,Treadmill,5,15,30,10,HIIT + Advanced + Treadmill,5,No,200,S4 down to a walk.
23,7,Treadmill Hill Sprints,Full-Body,HIIT,Advanced,Treadmill,5,15,30,10,HIIT + Advanced + Treadmill,5,No,200,Increase incline gradually.
23,7,Treadmill Steady State Jog,Legs,HIIT,Advanced,Treadmill,5,15,30,10,HIIT + Advanced + Treadmill,5,No,200,Maintain a steady pace.
23,7,Treadmill Interval Jogging,Full-Body,HIIT,Advanced,Treadmill,5,15,30,10,HIIT + Advanced + Treadmill,5,No,200,Alternate between jogging and walking.
23,7,Treadmill Incline Jogging,Legs,HIIT,Advanced,Treadmill,5,15,30,10,HIIT + Advanced + Treadmill,5,No,200,Increase incline gradually.
23,7,Treadmill Cool Down Walk,Full-Body,HIIT,Advanced,Treadmill,5,15,30,10,HIIT + Advanced + Treadmill,5,No,200,S4 down to a walk.

24,1,Jumping Jacks,Full-Body,HIIT,Advanced,None,5,15,30,10,HIIT + Advanced + None,5,No,200,Warm up with light movements.
24,1,Squats,Legs,HIIT,Advanced,None,5,15,30,10,HIIT + Advanced + None,5,No,200,Focus on form.
24,1,Lunges,Legs,HIIT,Advanced,None,5,15,30,10,HIIT + Advanced + None,5,No,200,Keep balance.
24,1,Push-Ups,Chest,HIIT,Advanced,None,5,15,30,10,HIIT + Advanced + None,5,No,200,Modify if needed.
24,1,Rows,Back,HIIT,Advanced,None,5,15,30,10,HIIT + Advanced + None,5,No,200,Control the movement.
24,2,5 Knees,Full-Body,HIIT,Advanced,None,5,15,30,10,HIIT + Advanced + None,5,No,200,Engage core.
24,2,Deadlifts,Legs,HIIT,Advanced,None,5,15,30,10,HIIT + Advanced + None,5,No,200,Keep back straight.
24,2,Shoulder Press,Shoulders,HIIT,Advanced,None,5,15,30,10,HIIT + Advanced + None,5,No,200,Use controlled motion.
24,2,Bicep Curls,Arms,HIIT,Advanced,None,5,15,30,10,HIIT + Advanced + None,5,No,200,Focus on biceps.
24,2,Plank,Core,HIIT,Advanced,None,5,30,30,10,HIIT + Advanced + None,5,No,200,Hold for 30 seconds.
24,3,Burpees,Full-Body,HIIT,Advanced,None,5,15,30,10,HIIT + Advanced + None,5,No,200,Start slow.
24,3,Step-Ups,Legs,HIIT,Advanced,None,5,15,30,10,HIIT + Advanced + None,5,No,200,Use a stable platform.
24,3,Chest Press,Chest,HIIT,Advanced,None,5,15,30,10,HIIT + Advanced + None,5,No,200,Keep elbows close.
24,3,Lat Pulldowns,Back,HIIT,Advanced,None,5,15,30,10,HIIT + Advanced + None,5,No,200,Use a resistance band.
24,3,Side Plank,Core,HIIT,Advanced,None,5,30,30,10,HIIT + Advanced + None,5,No,200,Hold for 30 seconds on each side.
24,4,Mountain Climbers,Full-Body,HIIT,Advanced,None,5,15,30,10,HIIT + Advanced + None,5,No,200,Engage core.
24,4,Bulgarian Split Squats,Legs,HIIT,Advanced,None,5,15,30,10,HIIT + Advanced + None,5,No,200,Use a bench.
24,4,Incline Bench Press,Chest,HIIT,Advanced,None,5,15,30,10,HIIT + Advanced + None,5,No,200,Use an incline bench.
24,4,Bent Over Rows,Back,HIIT,Advanced,None,5,15,30,10,HIIT + Advanced + None,5,No,200,Keep back flat.
24,4,Russian Twists,Core,HIIT,Advanced,None,5,30,30,10,HIIT + Advanced + None,5,No,200,Control the twist.
24,5,Jump Rope,Full-Body,HIIT,Advanced,None,5,15,30,10,HIIT + Advanced + None,5,No,200,Simulate jump rope.
24,5,Single Leg Deadlifts,Legs,HIIT,Advanced,None,5,15,30,10,HIIT + Advanced + None,5,No,200,Keep balance.
24,5,Decline Push-Ups,Chest,HIIT,Advanced,None,5,15,30,10,HIIT + Advanced + None,5,No,200,Use a bench.
24,5,Face Pulls,Shoulders,HIIT,Advanced,None,5,15,30,10,HIIT + Advanced + None,5,No,200,Use a resistance band.
24,5,Bicycle Crunches,Core,HIIT,Advanced,None,5,30,30,10,HIIT + Advanced + None,5,No,200,Control the motion.
24,6,Box Jumps,Full-Body,HIIT,Advanced,None,5,15,30,10,HIIT + Advanced + None,5,No,200,Use a stable box.
24,6,Glute Bridges,Legs,HIIT,Advanced,None,5,15,30,10,HIIT + Advanced + None,5,No,200,Engage glutes.
24,6,Dips,Triceps,HIIT,Advanced,None,5,15,30,10,HIIT + Advanced + None,5,No,200,Use parallel bars.
24,6,Reverse Fly,Shoulders,HIIT,Advanced,None,5,15,30,10,HIIT + Advanced + None,5,No,200,Control the movement.
24,6,Leg Raises,Core,HIIT,Advanced,None,5,30,30,10,HIIT + Advanced + None,5,No,200,Keep legs straight.
24,7,Skaters,Full-Body,HIIT,Advanced,None,5,15,30,10,HIIT + Advanced + None,5,No,200,Engage core.
24,7,Wall Sit,Legs,HIIT,Advanced,None,5,30,30,10,HIIT + Advanced + None,5,No,200,Hold for 30 seconds.
24,7,Cable Fly,Chest,HIIT,Advanced,None,5,15,30,10,HIIT + Advanced + None,5,No,200,Use a cable machine.
24,7,Seated Rows,Back,HIIT,Advanced,None,5,15,30,10,HIIT + Advanced + None,5,No,200,Use a resistance band.
24,7,Plank with Leg Lift,Core,HIIT,Advanced,None,5,30,30,10,HIIT + Advanced + None,5,No,200,Lift one leg at a time.

25,1,Dumbbell Jumping Jacks,Full-Body,Strength,Beginner,Dumbbell,3,15,30,10,Strength + Beginner + Dumbbell,2,No,100,Warm up with light movements.
25,1,Dumbbell Squats,Legs,Strength,Beginner,Dumbbell,3,15,30,10,Strength + Beginner + Dumbbell,2,No,100,Focus on form.
25,1,Dumbbell Lunges,Legs,Strength,Beginner,Dumbbell,3,15,30,10,Strength + Beginner + Dumbbell,2,No,100,Keep weights light.
25,1,Dumbbell Push-Ups,Chest,Strength,Beginner,Dumbbell,3,15,30,10,Strength + Beginner + Dumbbell,2,No,100,Modify if needed.
25,1,Dumbbell Rows,Back,Strength,Beginner,Dumbbell,3,15,30,10,Strength + Beginner + Dumbbell,2,No,100,Control the movement.
25,2,Dumbbell 5 Knees,Full-Body,Strength,Beginner,Dumbbell,3,15,30,10,Strength + Beginner + Dumbbell,2,No,100,Engage core.
25,2,Dumbbell Deadlifts,Legs,Strength,Beginner,Dumbbell,3,15,30,10,Strength + Beginner + Dumbbell,2,No,100,Keep back straight.
25,2,Dumbbell Shoulder Press,Shoulders,Strength,Beginner,Dumbbell,3,15,30,10,Strength + Beginner + Dumbbell,2,No,100,Use controlled motion.
25,2,Dumbbell Bicep Curls,Arms,Strength,Beginner,Dumbbell,3,15,30,10,Strength + Beginner + Dumbbell,2,No,100,Focus on biceps.
25,2,Dumbbell Plank,Core,Strength,Beginner,Dumbbell,3,30,30,10,Strength + Beginner + Dumbbell,2,No,100,Hold for 30 seconds.
25,3,Dumbbell Burpees,Full-Body,Strength,Beginner,Dumbbell,3,15,30,10,Strength + Beginner + Dumbbell,2,No,100,Start s2.
25,3,Dumbbell Step-Ups,Legs,Strength,Beginner,Dumbbell,3,15,30,10,Strength + Beginner + Dumbbell,2,No,100,Use a stable platform.
25,3,Dumbbell Chest Press,Chest,Strength,Beginner,Dumbbell,3,15,30,10,Strength + Beginner + Dumbbell,2,No,100,Keep elbows close.
25,3,Dumbbell Lat Pulldowns,Back,Strength,Beginner,Dumbbell,3,15,30,10,Strength + Beginner + Dumbbell,2,No,100,Use a resistance band.
25,3,Dumbbell Side Plank,Core,Strength,Beginner,Dumbbell,3,30,30,10,Strength + Beginner + Dumbbell,2,No,100,Hold for 30 seconds on each side.
25,4,Dumbbell Mountain Climbers,Full-Body,Strength,Beginner,Dumbbell,3,15,30,10,Strength + Beginner + Dumbbell,2,No,100,Engage core.
25,4,Dumbbell Bulgarian Split Squats,Legs,Strength,Beginner,Dumbbell,3,15,30,10,Strength + Beginner + Dumbbell,2,No,100,Use a bench.
25,4,Dumbbell Incline Bench Press,Chest,Strength,Beginner,Dumbbell,3,15,30,10,Strength + Beginner + Dumbbell,2,No,100,Use an incline bench.
25,4,Dumbbell Bent Over Rows,Back,Strength,Beginner,Dumbbell,3,15,30,10,Strength + Beginner + Dumbbell,2,No,100,Keep back flat.
25,4,Dumbbell Russian Twists,Core,Strength,Beginner,Dumbbell,3,30,30,10,Strength + Beginner + Dumbbell,2,No,100,Control the twist.
25,5,Dumbbell Jump Rope,Full-Body,Strength,Beginner,Dumbbell,3,15,30,10,Strength + Beginner + Dumbbell,2,No,100,Simulate jump rope.
25,5,Dumbbell Single Leg Deadlifts,Legs,Strength,Beginner,Dumbbell,3,15,30,10,Strength + Beginner + Dumbbell,2,No,100,Keep balance.
25,5,Dumbbell Decline Push-Ups,Chest,Strength,Beginner,Dumbbell,3,15,30,10,Strength + Beginner + Dumbbell,2,No,100,Use a bench.
25,5,Dumbbell Face Pulls,Shoulders,Strength,Beginner,Dumbbell,3,15,30,10,Strength + Beginner + Dumbbell,2,No,100,Use a resistance band.
25,5,Dumbbell Bicycle Crunches,Core,Strength,Beginner,Dumbbell,3,30,30,10,Strength + Beginner + Dumbbell,2,No,100,Control the motion.
25,6,Dumbbell Box Jumps,Full-Body,Strength,Beginner,Dumbbell,3,15,30,10,Strength + Beginner + Dumbbell,2,No,100,Use a stable box.
25,6,Dumbbell Glute Bridges,Legs,Strength,Beginner,Dumbbell,3,15,30,10,Strength + Beginner + Dumbbell,2,No,100,Engage glutes.
25,6,Dumbbell Dips,Triceps,Strength,Beginner,Dumbbell,3,15,30,10,Strength + Beginner + Dumbbell,2,No,100,Use parallel bars.
25,6,Dumbbell Reverse Fly,Shoulders,Strength,Beginner,Dumbbell,3,15,30,10,Strength + Beginner + Dumbbell,2,No,100,Control the movement.
25,6,Dumbbell Leg Raises,Core,Strength,Beginner,Dumbbell,3,30,30,10,Strength + Beginner + Dumbbell,2,No,100,Keep legs straight.
25,7,Dumbbell Skaters,Full-Body,Strength,Beginner,Dumbbell,3,15,30,10,Strength + Beginner + Dumbbell,2,No,100,Engage core.
25,7,Dumbbell Wall Sit,Legs,Strength,Beginner,Dumbbell,3,30,30,10,Strength + Beginner + Dumbbell,2,No,100,Hold for 30 seconds.
25,7,Dumbbell Cable Fly,Chest,Strength,Beginner,Dumbbell,3,15,30,10,Strength + Beginner + Dumbbell,2,No,100,Use a cable machine.
25,7,Dumbbell Seated Rows,Back,Strength,Beginner,Dumbbell,3,15,30,10,Strength + Beginner + Dumbbell,2,No,100,Use a resistance band.
25,7,Dumbbell Plank with Leg Lift,Core,Strength,Beginner,Dumbbell,3,30,30,10,Strength + Beginner + Dumbbell,2,No,100,Lift one leg at a time.

26,1,Resistance Band Jumping Jacks,Full-Body,Strength,Beginner,Resistance Band,3,15,30,10,Strength + Beginner + Resistance Band,2,No,100,Warm up with light movements.
26,1,Resistance Band Squats,Legs,Strength,Beginner,Resistance Band,3,15,30,10,Strength + Beginner + Resistance Band,2,No,100,Focus on form.
26,1,Resistance Band Lunges,Legs,Strength,Beginner,Resistance Band,3,15,30,10,Strength + Beginner + Resistance Band,2,No,100,Keep band taut.
26,1,Resistance Band Push-Ups,Chest,Strength,Beginner,Resistance Band,3,15,30,10,Strength + Beginner + Resistance Band,2,No,100,Modify if needed.
26,1,Resistance Band Rows,Back,Strength,Beginner,Resistance Band,3,15,30,10,Strength + Beginner + Resistance Band,2,No,100,Control the movement.
26,2,Resistance Band 5 Knees,Full-Body,Strength,Beginner,Resistance Band,3,15,30,10,Strength + Beginner + Resistance Band,2,No,100,Engage core.
26,2,Resistance Band Deadlifts,Legs,Strength,Beginner,Resistance Band,3,15,30,10,Strength + Beginner + Resistance Band,2,No,100,Keep back straight.
26,2,Resistance Band Shoulder Press,Shoulders,Strength,Beginner,Resistance Band,3,15,30,10,Strength + Beginner + Resistance Band,2,No,100,Use controlled motion.
26,2,Resistance Band Bicep Curls,Arms,Strength,Beginner,Resistance Band,3,15,30,10,Strength + Beginner + Resistance Band,2,No,100,Focus on biceps.
26,2,Resistance Band Plank,Core,Strength,Beginner,Resistance Band,3,30,30,10,Strength + Beginner + Resistance Band,2,No,100,Hold for 30 seconds.
26,3,Resistance Band Burpees,Full-Body,Strength,Beginner,Resistance Band,3,15,30,10,Strength + Beginner + Resistance Band,2,No,100,Start s2.
26,3,Resistance Band Step-Ups,Legs,Strength,Beginner,Resistance Band,3,15,30,10,Strength + Beginner + Resistance Band,2,No,100,Use a stable platform.
26,3,Resistance Band Chest Press,Chest,Strength,Beginner,Resistance Band,3,15,30,10,Strength + Beginner + Resistance Band,2,No,100,Keep elbows close.
26,3,Resistance Band Lat Pulldowns,Back,Strength,Beginner,Resistance Band,3,15,30,10,Strength + Beginner + Resistance Band,2,No,100,Use a resistance band.
26,3,Resistance Band Side Plank,Core,Strength,Beginner,Resistance Band,3,30,30,10,Strength + Beginner + Resistance Band,2,No,100,Hold for 30 seconds on each side.
26,4,Resistance Band Mountain Climbers,Full-Body,Strength,Beginner,Resistance Band,3,15,30,10,Strength + Beginner + Resistance Band,2,No,100,Engage core.
26,4,Resistance Band Bulgarian Split Squats,Legs,Strength,Beginner,Resistance Band,3,15,30,10,Strength + Beginner + Resistance Band,2,No,100,Use a bench.
26,4,Resistance Band Incline Bench Press,Chest,Strength,Beginner,Resistance Band,3,15,30,10,Strength + Beginner + Resistance Band,2,No,100,Use an incline bench.
26,4,Resistance Band Bent Over Rows,Back,Strength,Beginner,Resistance Band,3,15,30,10,Strength + Beginner + Resistance Band,2,No,100,Keep back flat.
26,4,Resistance Band Russian Twists,Core,Strength,Beginner,Resistance Band,3,30,30,10,Strength + Beginner + Resistance Band,2,No,100,Control the twist.
26,5,Resistance Band Jump Rope,Full-Body,Strength,Beginner,Resistance Band,3,15,30,10,Strength + Beginner + Resistance Band,2,No,100,Simulate jump rope.
26,5,Resistance Band Single Leg Deadlifts,Legs,Strength,Beginner,Resistance Band,3,15,30,10,Strength + Beginner + Resistance Band,2,No,100,Keep balance.
26,5,Resistance Band Decline Push-Ups,Chest,Strength,Beginner,Resistance Band,3,15,30,10,Strength + Beginner + Resistance Band,2,No,100,Use a bench.
26,5,Resistance Band Face Pulls,Shoulders,Strength,Beginner,Resistance Band,3,15,30,10,Strength + Beginner + Resistance Band,2,No,100,Use a resistance band.
26,5,Resistance Band Bicycle Crunches,Core,Strength,Beginner,Resistance Band,3,30,30,10,Strength + Beginner + Resistance Band,2,No,100,Control the motion.
26,6,Resistance Band Box Jumps,Full-Body,Strength,Beginner,Resistance Band,3,15,30,10,Strength + Beginner + Resistance Band,2,No,100,Use a stable box.
26,6,Resistance Band Glute Bridges,Legs,Strength,Beginner,Resistance Band,3,15,30,10,Strength + Beginner + Resistance Band,2,No,100,Engage glutes.
26,6,Resistance Band Dips,Triceps,Strength,Beginner,Resistance Band,3,15,30,10,Strength + Beginner + Resistance Band,2,No,100,Use parallel bars.
26,6,Resistance Band Reverse Fly,Shoulders,Strength,Beginner,Resistance Band,3,15,30,10,Strength + Beginner + Resistance Band,2,No,100,Control the movement.
26,6,Resistance Band Leg Raises,Core,Strength,Beginner,Resistance Band,3,30,30,10,Strength + Beginner + Resistance Band,2,No,100,Keep legs straight.
26,7,Resistance Band Skaters,Full-Body,Strength,Beginner,Resistance Band,3,15,30,10,Strength + Beginner + Resistance Band,2,No,100,Engage core.
26,7,Resistance Band Wall Sit,Legs,Strength,Beginner,Resistance Band,3,30,30,10,Strength + Beginner + Resistance Band,2,No,100,Hold for 30 seconds.
26,7,Resistance Band Cable Fly,Chest,Strength,Beginner,Resistance Band,3,15,30,10,Strength + Beginner + Resistance Band,2,No,100,Use a cable machine.
26,7,Resistance Band Seated Rows,Back,Strength,Beginner,Resistance Band,3,15,30,10,Strength + Beginner + Resistance Band,2,No,100,Use a resistance band.
26,7,Resistance Band Plank with Leg Lift,Core,Strength,Beginner,Resistance Band,3,30,30,10,Strength + Beginner + Resistance Band,2,No,100,Lift one leg at a time.

27,1,Treadmill Walking,Full-Body,Strength,Beginner,Treadmill,3,15,30,10,Strength + Beginner + Treadmill,3,No,100,Warm up with a light walk.
27,1,Treadmill Incline Walk,Legs,Strength,Beginner,Treadmill,3,15,30,10,Strength + Beginner + Treadmill,3,No,100,Increase incline gradually.
27,1,Treadmill Jogging,Full-Body,Strength,Beginner,Treadmill,3,15,30,10,Strength + Beginner + Treadmill,3,No,100,Start with a s3 jog.
27,1,Treadmill Interval Walking,Legs,Strength,Beginner,Treadmill,3,15,30,10,Strength + Beginner + Treadmill,3,No,100,Alternate between walking and jogging.
27,1,Treadmill Cool Down,Full-Body,Strength,Beginner,Treadmill,3,15,30,10,Strength + Beginner + Treadmill,3,No,100,S3 down to a walk.
27,2,Treadmill Hill Walking,Full-Body,Strength,Beginner,Treadmill,3,15,30,10,Strength + Beginner + Treadmill,3,No,100,Engage glutes and hamstrings.
27,2,Treadmill Steady State Jog,Legs,Strength,Beginner,Treadmill,3,15,30,10,Strength + Beginner + Treadmill,3,No,100,Maintain a steady pace.
27,2,Treadmill Interval Jogging,Full-Body,Strength,Beginner,Treadmill,3,15,30,10,Strength + Beginner + Treadmill,3,No,100,Alternate between jogging and walking.
27,2,Treadmill Incline Jogging,Legs,Strength,Beginner,Treadmill,3,15,30,10,Strength + Beginner + Treadmill,3,No,100,Increase incline gradually.
27,2,Treadmill Cool Down Walk,Full-Body,Strength,Beginner,Treadmill,3,15,30,10,Strength + Beginner + Treadmill,3,No,100,S3 down to a walk.
27,3,Treadmill Hill Sprints,Full-Body,Strength,Beginner,Treadmill,3,15,30,10,Strength + Beginner + Treadmill,3,No,100,Increase incline gradually.
27,3,Treadmill Steady State Jog,Legs,Strength,Beginner,Treadmill,3,15,30,10,Strength + Beginner + Treadmill,3,No,100,Maintain a steady pace.
27,3,Treadmill Interval Jogging,Full-Body,Strength,Beginner,Treadmill,3,15,30,10,Strength + Beginner + Treadmill,3,No,100,Alternate between jogging and walking.
27,3,Treadmill Incline Jogging,Legs,Strength,Beginner,Treadmill,3,15,30,10,Strength + Beginner + Treadmill,3,No,100,Increase incline gradually.
27,3,Treadmill Cool Down Walk,Full-Body,Strength,Beginner,Treadmill,3,15,30,10,Strength + Beginner + Treadmill,3,No,100,S3 down to a walk.
27,4,Treadmill Hill Sprints,Full-Body,Strength,Beginner,Treadmill,3,15,30,10,Strength + Beginner + Treadmill,3,No,100,Increase incline gradually.
27,4,Treadmill Steady State Jog,Legs,Strength,Beginner,Treadmill,3,15,30,10,Strength + Beginner + Treadmill,3,No,100,Maintain a steady pace.
27,4,Treadmill Interval Jogging,Full-Body,Strength,Beginner,Treadmill,3,15,30,10,Strength + Beginner + Treadmill,3,No,100,Alternate between jogging and walking.
27,4,Treadmill Incline Jogging,Legs,Strength,Beginner,Treadmill,3,15,30,10,Strength + Beginner + Treadmill,3,No,100,Increase incline gradually.
27,4,Treadmill Cool Down Walk,Full-Body,Strength,Beginner,Treadmill,3,15,30,10,Strength + Beginner + Treadmill,3,No,100,S3 down to a walk.
27,5,Treadmill Hill Sprints,Full-Body,Strength,Beginner,Treadmill,3,15,30,10,Strength + Beginner + Treadmill,3,No,100,Increase incline gradually.
27,5,Treadmill Steady State Jog,Legs,Strength,Beginner,Treadmill,3,15,30,10,Strength + Beginner + Treadmill,3,No,100,Maintain a steady pace.
27,5,Treadmill Interval Jogging,Full-Body,Strength,Beginner,Treadmill,3,15,30,10,Strength + Beginner + Treadmill,3,No,100,Alternate between jogging and walking.
27,5,Treadmill Incline Jogging,Legs,Strength,Beginner,Treadmill,3,15,30,10,Strength + Beginner + Treadmill,3,No,100,Increase incline gradually.
27,5,Treadmill Cool Down Walk,Full-Body,Strength,Beginner,Treadmill,3,15,30,10,Strength + Beginner + Treadmill,3,No,100,S3 down to a walk.
27,6,Treadmill Hill Sprints,Full-Body,Strength,Beginner,Treadmill,3,15,30,10,Strength + Beginner + Treadmill,3,No,100,Increase incline gradually.
27,6,Treadmill Steady State Jog,Legs,Strength,Beginner,Treadmill,3,15,30,10,Strength + Beginner + Treadmill,3,No,100,Maintain a steady pace.
27,6,Treadmill Interval Jogging,Full-Body,Strength,Beginner,Treadmill,3,15,30,10,Strength + Beginner + Treadmill,3,No,100,Alternate between jogging and walking.
27,6,Treadmill Incline Jogging,Legs,Strength,Beginner,Treadmill,3,15,30,10,Strength + Beginner + Treadmill,3,No,100,Increase incline gradually.
27,6,Treadmill Cool Down Walk,Full-Body,Strength,Beginner,Treadmill,3,15,30,10,Strength + Beginner + Treadmill,3,No,100,S3 down to a walk.
27,7,Treadmill Hill Sprints,Full-Body,Strength,Beginner,Treadmill,3,15,30,10,Strength + Beginner + Treadmill,3,No,100,Increase incline gradually.
27,7,Treadmill Steady State Jog,Legs,Strength,Beginner,Treadmill,3,15,30,10,Strength + Beginner + Treadmill,3,No,100,Maintain a steady pace.
27,7,Treadmill Interval Jogging,Full-Body,Strength,Beginner,Treadmill,3,15,30,10,Strength + Beginner + Treadmill,3,No,100,Alternate between jogging and walking.
27,7,Treadmill Incline Jogging,Legs,Strength,Beginner,Treadmill,3,15,30,10,Strength + Beginner + Treadmill,3,No,100,Increase incline gradually.
27,7,Treadmill Cool Down Walk,Full-Body,Strength,Beginner,Treadmill,3,15,30,10,Strength + Beginner + Treadmill,3,No,100,S3 down to a walk.

28,1,Jumping Jacks,Full-Body,Strength,Beginner,None,3,15,30,10,Strength + Beginner + None,3,No,100,Warm up with light movements.
28,1,Squats,Legs,Strength,Beginner,None,3,15,30,10,Strength + Beginner + None,3,No,100,Focus on form.
28,1,Lunges,Legs,Strength,Beginner,None,3,15,30,10,Strength + Beginner + None,3,No,100,Keep balance.
28,1,Push-Ups,Chest,Strength,Beginner,None,3,15,30,10,Strength + Beginner + None,3,No,100,Modify if needed.
28,1,Rows,Back,Strength,Beginner,None,3,15,30,10,Strength + Beginner + None,3,No,100,Control the movement.
28,2,5 Knees,Full-Body,Strength,Beginner,None,3,15,30,10,Strength + Beginner + None,3,No,100,Engage core.
28,2,Deadlifts,Legs,Strength,Beginner,None,3,15,30,10,Strength + Beginner + None,3,No,100,Keep back straight.
28,2,Shoulder Press,Shoulders,Strength,Beginner,None,3,15,30,10,Strength + Beginner + None,3,No,100,Use controlled motion.
28,2,Bicep Curls,Arms,Strength,Beginner,None,3,15,30,10,Strength + Beginner + None,3,No,100,Focus on biceps.
28,2,Plank,Core,Strength,Beginner,None,3,30,30,10,Strength + Beginner + None,3,No,100,Hold for 30 seconds.
28,3,Burpees,Full-Body,Strength,Beginner,None,3,15,30,10,Strength + Beginner + None,3,No,100,Start s3.
28,3,Step-Ups,Legs,Strength,Beginner,None,3,15,30,10,Strength + Beginner + None,3,No,100,Use a stable platform.
28,3,Chest Press,Chest,Strength,Beginner,None,3,15,30,10,Strength + Beginner + None,3,No,100,Keep elbows close.
28,3,Lat Pulldowns,Back,Strength,Beginner,None,3,15,30,10,Strength + Beginner + None,3,No,100,Use a resistance band.
28,3,Side Plank,Core,Strength,Beginner,None,3,30,30,10,Strength + Beginner + None,3,No,100,Hold for 30 seconds on each side.
28,4,Mountain Climbers,Full-Body,Strength,Beginner,None,3,15,30,10,Strength + Beginner + None,3,No,100,Engage core.
28,4,Bulgarian Split Squats,Legs,Strength,Beginner,None,3,15,30,10,Strength + Beginner + None,3,No,100,Use a bench.
28,4,Incline Bench Press,Chest,Strength,Beginner,None,3,15,30,10,Strength + Beginner + None,3,No,100,Use an incline bench.
28,4,Bent Over Rows,Back,Strength,Beginner,None,3,15,30,10,Strength + Beginner + None,3,No,100,Keep back flat.
28,4,Russian Twists,Core,Strength,Beginner,None,3,30,30,10,Strength + Beginner + None,3,No,100,Control the twist.
28,5,Jump Rope,Full-Body,Strength,Beginner,None,3,15,30,10,Strength + Beginner + None,3,No,100,Simulate jump rope.
28,5,Single Leg Deadlifts,Legs,Strength,Beginner,None,3,15,30,10,Strength + Beginner + None,3,No,100,Keep balance.
28,5,Decline Push-Ups,Chest,Strength,Beginner,None,3,15,30,10,Strength + Beginner + None,3,No,100,Use a bench.
28,5,Face Pulls,Shoulders,Strength,Beginner,None,3,15,30,10,Strength + Beginner + None,3,No,100,Use a resistance band.
28,5,Bicycle Crunches,Core,Strength,Beginner,None,3,30,30,10,Strength + Beginner + None,3,No,100,Control the motion.
28,6,Box Jumps,Full-Body,Strength,Beginner,None,3,15,30,10,Strength + Beginner + None,3,No,100,Use a stable box.
28,6,Glute Bridges,Legs,Strength,Beginner,None,3,15,30,10,Strength + Beginner + None,3,No,100,Engage glutes.
28,6,Dips,Triceps,Strength,Beginner,None,3,15,30,10,Strength + Beginner + None,3,No,100,Use parallel bars.
28,6,Reverse Fly,Shoulders,Strength,Beginner,None,3,15,30,10,Strength + Beginner + None,3,No,100,Control the movement.
28,6,Leg Raises,Core,Strength,Beginner,None,3,30,30,10,Strength + Beginner + None,3,No,100,Keep legs straight.
28,7,Skaters,Full-Body,Strength,Beginner,None,3,15,30,10,Strength + Beginner + None,3,No,100,Engage core.
28,7,Wall Sit,Legs,Strength,Beginner,None,3,30,30,10,Strength + Beginner + None,3,No,100,Hold for 30 seconds.
28,7,Cable Fly,Chest,Strength,Beginner,None,3,15,30,10,Strength + Beginner + None,3,No,100,Use a cable machine.
28,7,Seated Rows,Back,Strength,Beginner,None,3,15,30,10,Strength + Beginner + None,3,No,100,Use a resistance band.
28,7,Plank with Leg Lift,Core,Strength,Beginner,None,3,30,30,10,Strength + Beginner + None,3,No,100,Lift one leg at a time.

29,1,Dumbbell Jumping Jacks,Full-Body,Strength,Intermediate,Dumbbell,4,15,30,10,Strength + Intermediate + Dumbbell,4,No,150,Warm up with light movements.
29,1,Dumbbell Squats,Legs,Strength,Intermediate,Dumbbell,4,15,30,10,Strength + Intermediate + Dumbbell,4,No,150,Focus on form.
29,1,Dumbbell Lunges,Legs,Strength,Intermediate,Dumbbell,4,15,30,10,Strength + Intermediate + Dumbbell,4,No,150,Keep weights moderate.
29,1,Dumbbell Push-Ups,Chest,Strength,Intermediate,Dumbbell,4,15,30,10,Strength + Intermediate + Dumbbell,4,No,150,Modify if needed.
29,1,Dumbbell Rows,Back,Strength,Intermediate,Dumbbell,4,15,30,10,Strength + Intermediate + Dumbbell,4,No,150,Control the movement.
29,2,Dumbbell 5 Knees,Full-Body,Strength,Intermediate,Dumbbell,4,15,30,10,Strength + Intermediate + Dumbbell,4,No,150,Engage core.
29,2,Dumbbell Deadlifts,Legs,Strength,Intermediate,Dumbbell,4,15,30,10,Strength + Intermediate + Dumbbell,4,No,150,Keep back straight.
29,2,Dumbbell Shoulder Press,Shoulders,Strength,Intermediate,Dumbbell,4,15,30,10,Strength + Intermediate + Dumbbell,4,No,150,Use controlled motion.
29,2,Dumbbell Bicep Curls,Arms,Strength,Intermediate,Dumbbell,4,15,30,10,Strength + Intermediate + Dumbbell,4,No,150,Focus on biceps.
29,2,Dumbbell Plank,Core,Strength,Intermediate,Dumbbell,4,30,30,10,Strength + Intermediate + Dumbbell,4,No,150,Hold for 30 seconds.
29,3,Dumbbell Burpees,Full-Body,Strength,Intermediate,Dumbbell,4,15,30,10,Strength + Intermediate + Dumbbell,4,No,150,Start s3.
29,3,Dumbbell Step-Ups,Legs,Strength,Intermediate,Dumbbell,4,15,30,10,Strength + Intermediate + Dumbbell,4,No,150,Use a stable platform.
29,3,Dumbbell Chest Press,Chest,Strength,Intermediate,Dumbbell,4,15,30,10,Strength + Intermediate + Dumbbell,4,No,150,Keep elbows close.
29,3,Dumbbell Lat Pulldowns,Back,Strength,Intermediate,Dumbbell,4,15,30,10,Strength + Intermediate + Dumbbell,4,No,150,Use a resistance band.
29,3,Dumbbell Side Plank,Core,Strength,Intermediate,Dumbbell,4,30,30,10,Strength + Intermediate + Dumbbell,4,No,150,Hold for 30 seconds on each side.
29,4,Dumbbell Mountain Climbers,Full-Body,Strength,Intermediate,Dumbbell,4,15,30,10,Strength + Intermediate + Dumbbell,4,No,150,Engage core.
29,4,Dumbbell Bulgarian Split Squats,Legs,Strength,Intermediate,Dumbbell,4,15,30,10,Strength + Intermediate + Dumbbell,4,No,150,Use a bench.
29,4,Dumbbell Incline Bench Press,Chest,Strength,Intermediate,Dumbbell,4,15,30,10,Strength + Intermediate + Dumbbell,4,No,150,Use an incline bench.
29,4,Dumbbell Bent Over Rows,Back,Strength,Intermediate,Dumbbell,4,15,30,10,Strength + Intermediate + Dumbbell,4,No,150,Keep back flat.
29,4,Dumbbell Russian Twists,Core,Strength,Intermediate,Dumbbell,4,30,30,10,Strength + Intermediate + Dumbbell,4,No,150,Control the twist.
29,5,Dumbbell Jump Rope,Full-Body,Strength,Intermediate,Dumbbell,4,15,30,10,Strength + Intermediate + Dumbbell,4,No,150,Simulate jump rope.
29,5,Dumbbell Single Leg Deadlifts,Legs,Strength,Intermediate,Dumbbell,4,15,30,10,Strength + Intermediate + Dumbbell,4,No,150,Keep balance.
29,5,Dumbbell Decline Push-Ups,Chest,Strength,Intermediate,Dumbbell,4,15,30,10,Strength + Intermediate + Dumbbell,4,No,150,Use a bench.
29,5,Dumbbell Face Pulls,Shoulders,Strength,Intermediate,Dumbbell,4,15,30,10,Strength + Intermediate + Dumbbell,4,No,150,Use a resistance band.
29,5,Dumbbell Bicycle Crunches,Core,Strength,Intermediate,Dumbbell,4,30,30,10,Strength + Intermediate + Dumbbell,4,No,150,Control the motion.
29,6,Dumbbell Box Jumps,Full-Body,Strength,Intermediate,Dumbbell,4,15,30,10,Strength + Intermediate + Dumbbell,4,No,150,Use a stable box.
29,6,Dumbbell Glute Bridges,Legs,Strength,Intermediate,Dumbbell,4,15,30,10,Strength + Intermediate + Dumbbell,4,No,150,Engage glutes.
29,6,Dumbbell Dips,Triceps,Strength,Intermediate,Dumbbell,4,15,30,10,Strength + Intermediate + Dumbbell,4,No,150,Use parallel bars.
29,6,Dumbbell Reverse Fly,Shoulders,Strength,Intermediate,Dumbbell,4,15,30,10,Strength + Intermediate + Dumbbell,4,No,150,Control the movement.
29,6,Dumbbell Leg Raises,Core,Strength,Intermediate,Dumbbell,4,30,30,10,Strength + Intermediate + Dumbbell,4,No,150,Keep legs straight.
29,7,Dumbbell Skaters,Full-Body,Strength,Intermediate,Dumbbell,4,15,30,10,Strength + Intermediate + Dumbbell,4,No,150,Engage core.
29,7,Dumbbell Wall Sit,Legs,Strength,Intermediate,Dumbbell,4,30,30,10,Strength + Intermediate + Dumbbell,4,No,150,Hold for 30 seconds.
29,7,Dumbbell Cable Fly,Chest,Strength,Intermediate,Dumbbell,4,15,30,10,Strength + Intermediate + Dumbbell,4,No,150,Use a cable machine.
29,7,Dumbbell Seated Rows,Back,Strength,Intermediate,Dumbbell,4,15,30,10,Strength + Intermediate + Dumbbell,4,No,150,Use a resistance band.
29,7,Dumbbell Plank with Leg Lift,Core,Strength,Intermediate,Dumbbell,4,30,30,10,Strength + Intermediate + Dumbbell,4,No,150,Lift one leg at a time.

30,1,Resistance Band Jumping Jacks,Full-Body,Strength,Intermediate,Resistance Band,4,15,30,10,Strength + Intermediate + Resistance Band,4,No,150,Warm up with light movements.
30,1,Resistance Band Squats,Legs,Strength,Intermediate,Resistance Band,4,15,30,10,Strength + Intermediate + Resistance Band,4,No,150,Focus on form.
30,1,Resistance Band Lunges,Legs,Strength,Intermediate,Resistance Band,4,15,30,10,Strength + Intermediate + Resistance Band,4,No,150,Keep band taut.
30,1,Resistance Band Push-Ups,Chest,Strength,Intermediate,Resistance Band,4,15,30,10,Strength + Intermediate + Resistance Band,4,No,150,Modify if needed.
30,1,Resistance Band Rows,Back,Strength,Intermediate,Resistance Band,4,15,30,10,Strength + Intermediate + Resistance Band,4,No,150,Control the movement.
30,2,Resistance Band 5 Knees,Full-Body,Strength,Intermediate,Resistance Band,4,15,30,10,Strength + Intermediate + Resistance Band,4,No,150,Engage core.
30,2,Resistance Band Deadlifts,Legs,Strength,Intermediate,Resistance Band,4,15,30,10,Strength + Intermediate + Resistance Band,4,No,150,Keep back straight.
30,2,Resistance Band Shoulder Press,Shoulders,Strength,Intermediate,Resistance Band,4,15,30,10,Strength + Intermediate + Resistance Band,4,No,150,Use controlled motion.
30,2,Resistance Band Bicep Curls,Arms,Strength,Intermediate,Resistance Band,4,15,30,10,Strength + Intermediate + Resistance Band,4,No,150,Focus on biceps.
30,2,Resistance Band Plank,Core,Strength,Intermediate,Resistance Band,4,30,30,10,Strength + Intermediate + Resistance Band,4,No,150,Hold for 30 seconds.
30,3,Resistance Band Burpees,Full-Body,Strength,Intermediate,Resistance Band,4,15,30,10,Strength + Intermediate + Resistance Band,4,No,150,Start slow.
30,3,Resistance Band Step-Ups,Legs,Strength,Intermediate,Resistance Band,4,15,30,10,Strength + Intermediate + Resistance Band,4,No,150,Use a stable platform.
30,3,Resistance Band Chest Press,Chest,Strength,Intermediate,Resistance Band,4,15,30,10,Strength + Intermediate + Resistance Band,4,No,150,Keep elbows close.
30,3,Resistance Band Lat Pulldowns,Back,Strength,Intermediate,Resistance Band,4,15,30,10,Strength + Intermediate + Resistance Band,4,No,150,Use a resistance band.
30,3,Resistance Band Side Plank,Core,Strength,Intermediate,Resistance Band,4,30,30,10,Strength + Intermediate + Resistance Band,4,No,150,Hold for 30 seconds on each side.
30,4,Resistance Band Mountain Climbers,Full-Body,Strength,Intermediate,Resistance Band,4,15,30,10,Strength + Intermediate + Resistance Band,4,No,150,Engage core.
30,4,Resistance Band Bulgarian Split Squats,Legs,Strength,Intermediate,Resistance Band,4,15,30,10,Strength + Intermediate + Resistance Band,4,No,150,Use a bench.
30,4,Resistance Band Incline Bench Press,Chest,Strength,Intermediate,Resistance Band,4,15,30,10,Strength + Intermediate + Resistance Band,4,No,150,Use an incline bench.
30,4,Resistance Band Bent Over Rows,Back,Strength,Intermediate,Resistance Band,4,15,30,10,Strength + Intermediate + Resistance Band,4,No,150,Keep back flat.
30,4,Resistance Band Russian Twists,Core,Strength,Intermediate,Resistance Band,4,30,30,10,Strength + Intermediate + Resistance Band,4,No,150,Control the twist.
30,5,Resistance Band Jump Rope,Full-Body,Strength,Intermediate,Resistance Band,4,15,30,10,Strength + Intermediate + Resistance Band,4,No,150,Simulate jump rope.
30,5,Resistance Band Single Leg Deadlifts,Legs,Strength,Intermediate,Resistance Band,4,15,30,10,Strength + Intermediate + Resistance Band,4,No,150,Keep balance.
30,5,Resistance Band Decline Push-Ups,Chest,Strength,Intermediate,Resistance Band,4,15,30,10,Strength + Intermediate + Resistance Band,4,No,150,Use a bench.
30,5,Resistance Band Face Pulls,Shoulders,Strength,Intermediate,Resistance Band,4,15,30,10,Strength + Intermediate + Resistance Band,4,No,150,Use a resistance band.
30,5,Resistance Band Bicycle Crunches,Core,Strength,Intermediate,Resistance Band,4,30,30,10,Strength + Intermediate + Resistance Band,4,No,150,Control the motion.
30,6,Resistance Band Box Jumps,Full-Body,Strength,Intermediate,Resistance Band,4,15,30,10,Strength + Intermediate + Resistance Band,4,No,150,Use a stable box.
30,6,Resistance Band Glute Bridges,Legs,Strength,Intermediate,Resistance Band,4,15,30,10,Strength + Intermediate + Resistance Band,4,No,150,Engage glutes.
30,6,Resistance Band Dips,Triceps,Strength,Intermediate,Resistance Band,4,15,30,10,Strength + Intermediate + Resistance Band,4,No,150,Use parallel bars.
30,6,Resistance Band Reverse Fly,Shoulders,Strength,Intermediate,Resistance Band,4,15,30,10,Strength + Intermediate + Resistance Band,4,No,150,Control the movement.
30,6,Resistance Band Leg Raises,Core,Strength,Intermediate,Resistance Band,4,30,30,10,Strength + Intermediate + Resistance Band,4,No,150,Keep legs straight.
30,7,Resistance Band Skaters,Full-Body,Strength,Intermediate,Resistance Band,4,15,30,10,Strength + Intermediate + Resistance Band,4,No,150,Engage core.
30,7,Resistance Band Wall Sit,Legs,Strength,Intermediate,Resistance Band,4,30,30,10,Strength + Intermediate + Resistance Band,4,No,150,Hold for 30 seconds.
30,7,Resistance Band Cable Fly,Chest,Strength,Intermediate,Resistance Band,4,15,30,10,Strength + Intermediate + Resistance Band,4,No,150,Use a cable machine.
30,7,Resistance Band Seated Rows,Back,Strength,Intermediate,Resistance Band,4,15,30,10,Strength + Intermediate + Resistance Band,4,No,150,Use a resistance band.
30,7,Resistance Band Plank with Leg Lift,Core,Strength,Intermediate,Resistance Band,4,30,30,10,Strength + Intermediate + Resistance Band,4,No,150,Lift one leg at a time.

31,1,Treadmill Walking,Full-Body,Strength,Intermediate,Treadmill,4,15,30,10,Strength + Intermediate + Treadmill,4,No,150,Warm up with a light walk.
31,1,Treadmill Incline Walk,Legs,Strength,Intermediate,Treadmill,4,15,30,10,Strength + Intermediate + Treadmill,4,No,150,Increase incline gradually.
31,1,Treadmill Jogging,Full-Body,Strength,Intermediate,Treadmill,4,15,30,10,Strength + Intermediate + Treadmill,4,No,150,Start with a moderate jog.
31,1,Treadmill Interval Walking,Legs,Strength,Intermediate,Treadmill,4,15,30,10,Strength + Intermediate + Treadmill,4,No,150,Alternate between walking and jogging.
31,1,Treadmill Cool Down,Full-Body,Strength,Intermediate,Treadmill,4,15,30,10,Strength + Intermediate + Treadmill,4,No,150,Slow down to a walk.
31,2,Treadmill Hill Walking,Full-Body,Strength,Intermediate,Treadmill,4,15,30,10,Strength + Intermediate + Treadmill,4,No,150,Engage glutes and hamstrings.
31,2,Treadmill Steady State Jog,Legs,Strength,Intermediate,Treadmill,4,15,30,10,Strength + Intermediate + Treadmill,4,No,150,Maintain a steady pace.
31,2,Treadmill Interval Jogging,Full-Body,Strength,Intermediate,Treadmill,4,15,30,10,Strength + Intermediate + Treadmill,4,No,150,Alternate between jogging and walking.
31,2,Treadmill Incline Jogging,Legs,Strength,Intermediate,Treadmill,4,15,30,10,Strength + Intermediate + Treadmill,4,No,150,Increase incline gradually.
31,2,Treadmill Cool Down Walk,Full-Body,Strength,Intermediate,Treadmill,4,15,30,10,Strength + Intermediate + Treadmill,4,No,150,Slow down to a walk.
31,3,Treadmill Hill Sprints,Full-Body,Strength,Intermediate,Treadmill,4,15,30,10,Strength + Intermediate + Treadmill,4,No,150,Increase incline gradually.
31,3,Treadmill Steady State Jog,Legs,Strength,Intermediate,Treadmill,4,15,30,10,Strength + Intermediate + Treadmill,4,No,150,Maintain a steady pace.
31,3,Treadmill Interval Jogging,Full-Body,Strength,Intermediate,Treadmill,4,15,30,10,Strength + Intermediate + Treadmill,4,No,150,Alternate between jogging and walking.
31,3,Treadmill Incline Jogging,Legs,Strength,Intermediate,Treadmill,4,15,30,10,Strength + Intermediate + Treadmill,4,No,150,Increase incline gradually.
31,3,Treadmill Cool Down Walk,Full-Body,Strength,Intermediate,Treadmill,4,15,30,10,Strength + Intermediate + Treadmill,4,No,150,Slow down to a walk.
31,4,Treadmill Hill Sprints,Full-Body,Strength,Intermediate,Treadmill,4,15,30,10,Strength + Intermediate + Treadmill,4,No,150,Increase incline gradually.
31,4,Treadmill Steady State Jog,Legs,Strength,Intermediate,Treadmill,4,15,30,10,Strength + Intermediate + Treadmill,4,No,150,Maintain a steady pace.
31,4,Treadmill Interval Jogging,Full-Body,Strength,Intermediate,Treadmill,4,15,30,10,Strength + Intermediate + Treadmill,4,No,150,Alternate between jogging and walking.
31,4,Treadmill Incline Jogging,Legs,Strength,Intermediate,Treadmill,4,15,30,10,Strength + Intermediate + Treadmill,4,No,150,Increase incline gradually.
31,4,Treadmill Cool Down Walk,Full-Body,Strength,Intermediate,Treadmill,4,15,30,10,Strength + Intermediate + Treadmill,4,No,150,Slow down to a walk.
31,5,Treadmill Hill Sprints,Full-Body,Strength,Intermediate,Treadmill,4,15,30,10,Strength + Intermediate + Treadmill,4,No,150,Increase incline gradually.
31,5,Treadmill Steady State Jog,Legs,Strength,Intermediate,Treadmill,4,15,30,10,Strength + Intermediate + Treadmill,4,No,150,Maintain a steady pace.
31,5,Treadmill Interval Jogging,Full-Body,Strength,Intermediate,Treadmill,4,15,30,10,Strength + Intermediate + Treadmill,4,No,150,Alternate between jogging and walking.
31,5,Treadmill Incline Jogging,Legs,Strength,Intermediate,Treadmill,4,15,30,10,Strength + Intermediate + Treadmill,4,No,150,Increase incline gradually.
31,5,Treadmill Cool Down Walk,Full-Body,Strength,Intermediate,Treadmill,4,15,30,10,Strength + Intermediate + Treadmill,4,No,150,Slow down to a walk.
31,6,Treadmill Hill Sprints,Full-Body,Strength,Intermediate,Treadmill,4,15,30,10,Strength + Intermediate + Treadmill,4,No,150,Increase incline gradually.
31,6,Treadmill Steady State Jog,Legs,Strength,Intermediate,Treadmill,4,15,30,10,Strength + Intermediate + Treadmill,4,No,150,Maintain a steady pace.
31,6,Treadmill Interval Jogging,Full-Body,Strength,Intermediate,Treadmill,4,15,30,10,Strength + Intermediate + Treadmill,4,No,150,Alternate between jogging and walking.
31,6,Treadmill Incline Jogging,Legs,Strength,Intermediate,Treadmill,4,15,30,10,Strength + Intermediate + Treadmill,4,No,150,Increase incline gradually.
31,6,Treadmill Cool Down Walk,Full-Body,Strength,Intermediate,Treadmill,4,15,30,10,Strength + Intermediate + Treadmill,4,No,150,Slow down to a walk.
31,7,Treadmill Hill Sprints,Full-Body,Strength,Intermediate,Treadmill,4,15,30,10,Strength + Intermediate + Treadmill,4,No,150,Increase incline gradually.
31,7,Treadmill Steady State Jog,Legs,Strength,Intermediate,Treadmill,4,15,30,10,Strength + Intermediate + Treadmill,4,No,150,Maintain a steady pace.
31,7,Treadmill Interval Jogging,Full-Body,Strength,Intermediate,Treadmill,4,15,30,10,Strength + Intermediate + Treadmill,4,No,150,Alternate between jogging and walking.
31,7,Treadmill Incline Jogging,Legs,Strength,Intermediate,Treadmill,4,15,30,10,Strength + Intermediate + Treadmill,4,No,150,Increase incline gradually.
31,7,Treadmill Cool Down Walk,Full-Body,Strength,Intermediate,Treadmill,4,15,30,10,Strength + Intermediate + Treadmill,4,No,150,Slow down to a walk.

32,1,Jumping Jacks,Full-Body,Strength,Intermediate,None,4,15,30,10,Strength + Intermediate + None,4,No,150,Warm up with light movements.
32,1,Squats,Legs,Strength,Intermediate,None,4,15,30,10,Strength + Intermediate + None,4,No,150,Focus on form.
32,1,Lunges,Legs,Strength,Intermediate,None,4,15,30,10,Strength + Intermediate + None,4,No,150,Keep balance.
32,1,Push-Ups,Chest,Strength,Intermediate,None,4,15,30,10,Strength + Intermediate + None,4,No,150,Modify if needed.
32,1,Rows,Back,Strength,Intermediate,None,4,15,30,10,Strength + Intermediate + None,4,No,150,Control the movement.
32,2,5 Knees,Full-Body,Strength,Intermediate,None,4,15,30,10,Strength + Intermediate + None,4,No,150,Engage core.
32,2,Deadlifts,Legs,Strength,Intermediate,None,4,15,30,10,Strength + Intermediate + None,4,No,150,Keep back straight.
32,2,Shoulder Press,Shoulders,Strength,Intermediate,None,4,15,30,10,Strength + Intermediate + None,4,No,150,Use controlled motion.
32,2,Bicep Curls,Arms,Strength,Intermediate,None,4,15,30,10,Strength + Intermediate + None,4,No,150,Focus on biceps.
32,2,Plank,Core,Strength,Intermediate,None,4,30,30,10,Strength + Intermediate + None,4,No,150,Hold for 30 seconds.
32,3,Burpees,Full-Body,Strength,Intermediate,None,4,15,30,10,Strength + Intermediate + None,4,No,150,Start slow.
32,3,Step-Ups,Legs,Strength,Intermediate,None,4,15,30,10,Strength + Intermediate + None,4,No,150,Use a stable platform.
32,3,Chest Press,Chest,Strength,Intermediate,None,4,15,30,10,Strength + Intermediate + None,4,No,150,Keep elbows close.
32,3,Lat Pulldowns,Back,Strength,Intermediate,None,4,15,30,10,Strength + Intermediate + None,4,No,150,Use a resistance band.
32,3,Side Plank,Core,Strength,Intermediate,None,4,30,30,10,Strength + Intermediate + None,4,No,150,Hold for 30 seconds on each side.
32,4,Mountain Climbers,Full-Body,Strength,Intermediate,None,4,15,30,10,Strength + Intermediate + None,4,No,150,Engage core.
32,4,Bulgarian Split Squats,Legs,Strength,Intermediate,None,4,15,30,10,Strength + Intermediate + None,4,No,150,Use a bench.
32,4,Incline Bench Press,Chest,Strength,Intermediate,None,4,15,30,10,Strength + Intermediate + None,4,No,150,Use an incline bench.
32,4,Bent Over Rows,Back,Strength,Intermediate,None,4,15,30,10,Strength + Intermediate + None,4,No,150,Keep back flat.
32,4,Russian Twists,Core,Strength,Intermediate,None,4,30,30,10,Strength + Intermediate + None,4,No,150,Control the twist.
32,5,Jump Rope,Full-Body,Strength,Intermediate,None,4,15,30,10,Strength + Intermediate + None,4,No,150,Simulate jump rope.
32,5,Single Leg Deadlifts,Legs,Strength,Intermediate,None,4,15,30,10,Strength + Intermediate + None,4,No,150,Keep balance.
32,5,Decline Push-Ups,Chest,Strength,Intermediate,None,4,15,30,10,Strength + Intermediate + None,4,No,150,Use a bench.
32,5,Face Pulls,Shoulders,Strength,Intermediate,None,4,15,30,10,Strength + Intermediate + None,4,No,150,Use a resistance band.
32,5,Bicycle Crunches,Core,Strength,Intermediate,None,4,30,30,10,Strength + Intermediate + None,4,No,150,Control the motion.
32,6,Box Jumps,Full-Body,Strength,Intermediate,None,4,15,30,10,Strength + Intermediate + None,4,No,150,Use a stable box.
32,6,Glute Bridges,Legs,Strength,Intermediate,None,4,15,30,10,Strength + Intermediate + None,4,No,150,Engage glutes.
32,6,Dips,Triceps,Strength,Intermediate,None,4,15,30,10,Strength + Intermediate + None,4,No,150,Use parallel bars.
32,6,Reverse Fly,Shoulders,Strength,Intermediate,None,4,15,30,10,Strength + Intermediate + None,4,No,150,Control the movement.
32,6,Leg Raises,Core,Strength,Intermediate,None,4,30,30,10,Strength + Intermediate + None,4,No,150,Keep legs straight.
32,7,Skaters,Full-Body,Strength,Intermediate,None,4,15,30,10,Strength + Intermediate + None,4,No,150,Engage core.
32,7,Wall Sit,Legs,Strength,Intermediate,None,4,30,30,10,Strength + Intermediate + None,4,No,150,Hold for 30 seconds.
32,7,Cable Fly,Chest,Strength,Intermediate,None,4,15,30,10,Strength + Intermediate + None,4,No,150,Use a cable machine.
32,7,Seated Rows,Back,Strength,Intermediate,None,4,15,30,10,Strength + Intermediate + None,4,No,150,Use a resistance band.
32,7,Plank with Leg Lift,Core,Strength,Intermediate,None,4,30,30,10,Strength + Intermediate + None,4,No,150,Lift one leg at a time.

33,1,Dumbbell Jumping Jacks,Full-Body,Strength,Advanced,Dumbbell,5,15,30,10,Strength + Advanced + Dumbbell,5,No,200,Warm up with light movements.
33,1,Dumbbell Squats,Legs,Strength,Advanced,Dumbbell,5,15,30,10,Strength + Advanced + Dumbbell,5,No,200,Focus on form.
33,1,Dumbbell Lunges,Legs,Strength,Advanced,Dumbbell,5,15,30,10,Strength + Advanced + Dumbbell,5,No,200,Keep weights heavy.
33,1,Dumbbell Push-Ups,Chest,Strength,Advanced,Dumbbell,5,15,30,10,Strength + Advanced + Dumbbell,5,No,200,Modify if needed.
33,1,Dumbbell Rows,Back,Strength,Advanced,Dumbbell,5,15,30,10,Strength + Advanced + Dumbbell,5,No,200,Control the movement.
33,2,Dumbbell 5 Knees,Full-Body,Strength,Advanced,Dumbbell,5,15,30,10,Strength + Advanced + Dumbbell,5,No,200,Engage core.
33,2,Dumbbell Deadlifts,Legs,Strength,Advanced,Dumbbell,5,15,30,10,Strength + Advanced + Dumbbell,5,No,200,Keep back straight.
33,2,Dumbbell Shoulder Press,Shoulders,Strength,Advanced,Dumbbell,5,15,30,10,Strength + Advanced + Dumbbell,5,No,200,Use controlled motion.
33,2,Dumbbell Bicep Curls,Arms,Strength,Advanced,Dumbbell,5,15,30,10,Strength + Advanced + Dumbbell,5,No,200,Focus on biceps.
33,2,Dumbbell Plank,Core,Strength,Advanced,Dumbbell,5,30,30,10,Strength + Advanced + Dumbbell,5,No,200,Hold for 30 seconds.
33,3,Dumbbell Burpees,Full-Body,Strength,Advanced,Dumbbell,5,15,30,10,Strength + Advanced + Dumbbell,5,No,200,Start slow.
33,3,Dumbbell Step-Ups,Legs,Strength,Advanced,Dumbbell,5,15,30,10,Strength + Advanced + Dumbbell,5,No,200,Use a stable platform.
33,3,Dumbbell Chest Press,Chest,Strength,Advanced,Dumbbell,5,15,30,10,Strength + Advanced + Dumbbell,5,No,200,Keep elbows close.
33,3,Dumbbell Lat Pulldowns,Back,Strength,Advanced,Dumbbell,5,15,30,10,Strength + Advanced + Dumbbell,5,No,200,Use a resistance band.
33,3,Dumbbell Side Plank,Core,Strength,Advanced,Dumbbell,5,30,30,10,Strength + Advanced + Dumbbell,5,No,200,Hold for 30 seconds on each side.
33,4,Dumbbell Mountain Climbers,Full-Body,Strength,Advanced,Dumbbell,5,15,30,10,Strength + Advanced + Dumbbell,5,No,200,Engage core.
33,4,Dumbbell Bulgarian Split Squats,Legs,Strength,Advanced,Dumbbell,5,15,30,10,Strength + Advanced + Dumbbell,5,No,200,Use a bench.
33,4,Dumbbell Incline Bench Press,Chest,Strength,Advanced,Dumbbell,5,15,30,10,Strength + Advanced + Dumbbell,5,No,200,Use an incline bench.
33,4,Dumbbell Bent Over Rows,Back,Strength,Advanced,Dumbbell,5,15,30,10,Strength + Advanced + Dumbbell,5,No,200,Keep back flat.
33,4,Dumbbell Russian Twists,Core,Strength,Advanced,Dumbbell,5,30,30,10,Strength + Advanced + Dumbbell,5,No,200,Control the twist.
33,5,Dumbbell Jump Rope,Full-Body,Strength,Advanced,Dumbbell,5,15,30,10,Strength + Advanced + Dumbbell,5,No,200,Simulate jump rope.
33,5,Dumbbell Single Leg Deadlifts,Legs,Strength,Advanced,Dumbbell,5,15,30,10,Strength + Advanced + Dumbbell,5,No,200,Keep balance.
33,5,Dumbbell Decline Push-Ups,Chest,Strength,Advanced,Dumbbell,5,15,30,10,Strength + Advanced + Dumbbell,5,No,200,Use a bench.
33,5,Dumbbell Face Pulls,Shoulders,Strength,Advanced,Dumbbell,5,15,30,10,Strength + Advanced + Dumbbell,5,No,200,Use a resistance band.
33,5,Dumbbell Bicycle Crunches,Core,Strength,Advanced,Dumbbell,5,30,30,10,Strength + Advanced + Dumbbell,5,No,200,Control the motion.
33,6,Dumbbell Box Jumps,Full-Body,Strength,Advanced,Dumbbell,5,15,30,10,Strength + Advanced + Dumbbell,5,No,200,Use a stable box.
33,6,Dumbbell Glute Bridges,Legs,Strength,Advanced,Dumbbell,5,15,30,10,Strength + Advanced + Dumbbell,5,No,200,Engage glutes.
33,6,Dumbbell Dips,Triceps,Strength,Advanced,Dumbbell,5,15,30,10,Strength + Advanced + Dumbbell,5,No,200,Use parallel bars.
33,6,Dumbbell Reverse Fly,Shoulders,Strength,Advanced,Dumbbell,5,15,30,10,Strength + Advanced + Dumbbell,5,No,200,Control the movement.
33,6,Dumbbell Leg Raises,Core,Strength,Advanced,Dumbbell,5,30,30,10,Strength + Advanced + Dumbbell,5,No,200,Keep legs straight.
33,7,Dumbbell Skaters,Full-Body,Strength,Advanced,Dumbbell,5,15,30,10,Strength + Advanced + Dumbbell,5,No,200,Engage core.
33,7,Dumbbell Wall Sit,Legs,Strength,Advanced,Dumbbell,5,30,30,10,Strength + Advanced + Dumbbell,5,No,200,Hold for 30 seconds.
33,7,Dumbbell Cable Fly,Chest,Strength,Advanced,Dumbbell,5,15,30,10,Strength + Advanced + Dumbbell,5,No,200,Use a cable machine.
33,7,Dumbbell Seated Rows,Back,Strength,Advanced,Dumbbell,5,15,30,10,Strength + Advanced + Dumbbell,5,No,200,Use a resistance band.
33,7,Dumbbell Plank with Leg Lift,Core,Strength,Advanced,Dumbbell,5,30,30,10,Strength + Advanced + Dumbbell,5,No,200,Lift one leg at a time.

34,1,Resistance Band Jumping Jacks,Full-Body,Strength,Advanced,Resistance Band,5,15,30,10,Strength + Advanced + Resistance Band,5,No,200,Warm up with light movements.
34,1,Resistance Band Squats,Legs,Strength,Advanced,Resistance Band,5,15,30,10,Strength + Advanced + Resistance Band,5,No,200,Focus on form.
34,1,Resistance Band Lunges,Legs,Strength,Advanced,Resistance Band,5,15,30,10,Strength + Advanced + Resistance Band,5,No,200,Keep band taut.
34,1,Resistance Band Push-Ups,Chest,Strength,Advanced,Resistance Band,5,15,30,10,Strength + Advanced + Resistance Band,5,No,200,Modify if needed.
34,1,Resistance Band Rows,Back,Strength,Advanced,Resistance Band,5,15,30,10,Strength + Advanced + Resistance Band,5,No,200,Control the movement.
34,2,Resistance Band 5 Knees,Full-Body,Strength,Advanced,Resistance Band,5,15,30,10,Strength + Advanced + Resistance Band,5,No,200,Engage core.
34,2,Resistance Band Deadlifts,Legs,Strength,Advanced,Resistance Band,5,15,30,10,Strength + Advanced + Resistance Band,5,No,200,Keep back straight.
34,2,Resistance Band Shoulder Press,Shoulders,Strength,Advanced,Resistance Band,5,15,30,10,Strength + Advanced + Resistance Band,5,No,200,Use controlled motion.
34,2,Resistance Band Bicep Curls,Arms,Strength,Advanced,Resistance Band,5,15,30,10,Strength + Advanced + Resistance Band,5,No,200,Focus on biceps.
34,2,Resistance Band Plank,Core,Strength,Advanced,Resistance Band,5,30,30,10,Strength + Advanced + Resistance Band,5,No,200,Hold for 30 seconds.
34,3,Resistance Band Burpees,Full-Body,Strength,Advanced,Resistance Band,5,15,30,10,Strength + Advanced + Resistance Band,5,No,200,Start slow.
34,3,Resistance Band Step-Ups,Legs,Strength,Advanced,Resistance Band,5,15,30,10,Strength + Advanced + Resistance Band,5,No,200,Use a stable platform.
34,3,Resistance Band Chest Press,Chest,Strength,Advanced,Resistance Band,5,15,30,10,Strength + Advanced + Resistance Band,5,No,200,Keep elbows close.
34,3,Resistance Band Lat Pulldowns,Back,Strength,Advanced,Resistance Band,5,15,30,10,Strength + Advanced + Resistance Band,5,No,200,Use a resistance band.
34,3,Resistance Band Side Plank,Core,Strength,Advanced,Resistance Band,5,30,30,10,Strength + Advanced + Resistance Band,5,No,200,Hold for 30 seconds on each side.
34,4,Resistance Band Mountain Climbers,Full-Body,Strength,Advanced,Resistance Band,5,15,30,10,Strength + Advanced + Resistance Band,5,No,200,Engage core.
34,4,Resistance Band Bulgarian Split Squats,Legs,Strength,Advanced,Resistance Band,5,15,30,10,Strength + Advanced + Resistance Band,5,No,200,Use a bench.
34,4,Resistance Band Incline Bench Press,Chest,Strength,Advanced,Resistance Band,5,15,30,10,Strength + Advanced + Resistance Band,5,No,200,Use an incline bench.
34,4,Resistance Band Bent Over Rows,Back,Strength,Advanced,Resistance Band,5,15,30,10,Strength + Advanced + Resistance Band,5,No,200,Keep back flat.
34,4,Resistance Band Russian Twists,Core,Strength,Advanced,Resistance Band,5,30,30,10,Strength + Advanced + Resistance Band,5,No,200,Control the twist.
34,5,Resistance Band Jump Rope,Full-Body,Strength,Advanced,Resistance Band,5,15,30,10,Strength + Advanced + Resistance Band,5,No,200,Simulate jump rope.
34,5,Resistance Band Single Leg Deadlifts,Legs,Strength,Advanced,Resistance Band,5,15,30,10,Strength + Advanced + Resistance Band,5,No,200,Keep balance.
34,5,Resistance Band Decline Push-Ups,Chest,Strength,Advanced,Resistance Band,5,15,30,10,Strength + Advanced + Resistance Band,5,No,200,Use a bench.
34,5,Resistance Band Face Pulls,Shoulders,Strength,Advanced,Resistance Band,5,15,30,10,Strength + Advanced + Resistance Band,5,No,200,Use a resistance band.
34,5,Resistance Band Bicycle Crunches,Core,Strength,Advanced,Resistance Band,5,30,30,10,Strength + Advanced + Resistance Band,5,No,200,Control the motion.
34,6,Resistance Band Box Jumps,Full-Body,Strength,Advanced,Resistance Band,5,15,30,10,Strength + Advanced + Resistance Band,5,No,200,Use a stable box.
34,6,Resistance Band Glute Bridges,Legs,Strength,Advanced,Resistance Band,5,15,30,10,Strength + Advanced + Resistance Band,5,No,200,Engage glutes.
34,6,Resistance Band Dips,Triceps,Strength,Advanced,Resistance Band,5,15,30,10,Strength + Advanced + Resistance Band,5,No,200,Use parallel bars.
34,6,Resistance Band Reverse Fly,Shoulders,Strength,Advanced,Resistance Band,5,15,30,10,Strength + Advanced + Resistance Band,5,No,200,Control the movement.
34,6,Resistance Band Leg Raises,Core,Strength,Advanced,Resistance Band,5,30,30,10,Strength + Advanced + Resistance Band,5,No,200,Keep legs straight.
34,7,Resistance Band Skaters,Full-Body,Strength,Advanced,Resistance Band,5,15,30,10,Strength + Advanced + Resistance Band,5,No,200,Engage core.
34,7,Resistance Band Wall Sit,Legs,Strength,Advanced,Resistance Band,5,30,30,10,Strength + Advanced + Resistance Band,5,No,200,Hold for 30 seconds.
34,7,Resistance Band Cable Fly,Chest,Strength,Advanced,Resistance Band,5,15,30,10,Strength + Advanced + Resistance Band,5,No,200,Use a cable machine.
34,7,Resistance Band Seated Rows,Back,Strength,Advanced,Resistance Band,5,15,30,10,Strength + Advanced + Resistance Band,5,No,200,Use a resistance band.
34,7,Resistance Band Plank with Leg Lift,Core,Strength,Advanced,Resistance Band,5,30,30,10,Strength + Advanced + Resistance Band,5,No,200,Lift one leg at a time.

35,1,Treadmill Walking,Full-Body,Strength,Advanced,Treadmill,5,15,30,10,Strength + Advanced + Treadmill,5,No,200,Warm up with a light walk.
35,1,Treadmill Incline Walk,Legs,Strength,Advanced,Treadmill,5,15,30,10,Strength + Advanced + Treadmill,5,No,200,Increase incline gradually.
35,1,Treadmill Jogging,Full-Body,Strength,Advanced,Treadmill,5,15,30,10,Strength + Advanced + Treadmill,5,No,200,Start with a fast jog.
35,1,Treadmill Interval Walking,Legs,Strength,Advanced,Treadmill,5,15,30,10,Strength + Advanced + Treadmill,5,No,200,Alternate between walking and jogging.
35,1,Treadmill Cool Down,Full-Body,Strength,Advanced,Treadmill,5,15,30,10,Strength + Advanced + Treadmill,5,No,200,Slow down to a walk.
35,2,Treadmill Hill Walking,Full-Body,Strength,Advanced,Treadmill,5,15,30,10,Strength + Advanced + Treadmill,5,No,200,Engage glutes and hamstrings.
35,2,Treadmill Steady State Jog,Legs,Strength,Advanced,Treadmill,5,15,30,10,Strength + Advanced + Treadmill,5,No,200,Maintain a steady pace.
35,2,Treadmill Interval Jogging,Full-Body,Strength,Advanced,Treadmill,5,15,30,10,Strength + Advanced + Treadmill,5,No,200,Alternate between jogging and walking.
35,2,Treadmill Incline Jogging,Legs,Strength,Advanced,Treadmill,5,15,30,10,Strength + Advanced + Treadmill,5,No,200,Increase incline gradually.
35,2,Treadmill Cool Down Walk,Full-Body,Strength,Advanced,Treadmill,5,15,30,10,Strength + Advanced + Treadmill,5,No,200,Slow down to a walk.
35,3,Treadmill Hill Sprints,Full-Body,Strength,Advanced,Treadmill,5,15,30,10,Strength + Advanced + Treadmill,5,No,200,Increase incline gradually.
35,3,Treadmill Steady State Jog,Legs,Strength,Advanced,Treadmill,5,15,30,10,Strength + Advanced + Treadmill,5,No,200,Maintain a steady pace.
35,3,Treadmill Interval Jogging,Full-Body,Strength,Advanced,Treadmill,5,15,30,10,Strength + Advanced + Treadmill,5,No,200,Alternate between jogging and walking.
35,3,Treadmill Incline Jogging,Legs,Strength,Advanced,Treadmill,5,15,30,10,Strength + Advanced + Treadmill,5,No,200,Increase incline gradually.
35,3,Treadmill Cool Down Walk,Full-Body,Strength,Advanced,Treadmill,5,15,30,10,Strength + Advanced + Treadmill,5,No,200,Slow down to a walk.
35,4,Treadmill Hill Sprints,Full-Body,Strength,Advanced,Treadmill,5,15,30,10,Strength + Advanced + Treadmill,5,No,200,Increase incline gradually.
35,4,Treadmill Steady State Jog,Legs,Strength,Advanced,Treadmill,5,15,30,10,Strength + Advanced + Treadmill,5,No,200,Maintain a steady pace.
35,4,Treadmill Interval Jogging,Full-Body,Strength,Advanced,Treadmill,5,15,30,10,Strength + Advanced + Treadmill,5,No,200,Alternate between jogging and walking.
35,4,Treadmill Incline Jogging,Legs,Strength,Advanced,Treadmill,5,15,30,10,Strength + Advanced + Treadmill,5,No,200,Increase incline gradually.
35,4,Treadmill Cool Down Walk,Full-Body,Strength,Advanced,Treadmill,5,15,30,10,Strength + Advanced + Treadmill,5,No,200,Slow down to a walk.
35,5,Treadmill Hill Sprints,Full-Body,Strength,Advanced,Treadmill,5,15,30,10,Strength + Advanced + Treadmill,5,No,200,Increase incline gradually.
35,5,Treadmill Steady State Jog,Legs,Strength,Advanced,Treadmill,5,15,30,10,Strength + Advanced + Treadmill,5,No,200,Maintain a steady pace.
35,5,Treadmill Interval Jogging,Full-Body,Strength,Advanced,Treadmill,5,15,30,10,Strength + Advanced + Treadmill,5,No,200,Alternate between jogging and walking.
35,5,Treadmill Incline Jogging,Legs,Strength,Advanced,Treadmill,5,15,30,10,Strength + Advanced + Treadmill,5,No,200,Increase incline gradually.
35,5,Treadmill Cool Down Walk,Full-Body,Strength,Advanced,Treadmill,5,15,30,10,Strength + Advanced + Treadmill,5,No,200,Slow down to a walk.
35,6,Treadmill Hill Sprints,Full-Body,Strength,Advanced,Treadmill,5,15,30,10,Strength + Advanced + Treadmill,5,No,200,Increase incline gradually.
35,6,Treadmill Steady State Jog,Legs,Strength,Advanced,Treadmill,5,15,30,10,Strength + Advanced + Treadmill,5,No,200,Maintain a steady pace.
35,6,Treadmill Interval Jogging,Full-Body,Strength,Advanced,Treadmill,5,15,30,10,Strength + Advanced + Treadmill,5,No,200,Alternate between jogging and walking.
35,6,Treadmill Incline Jogging,Legs,Strength,Advanced,Treadmill,5,15,30,10,Strength + Advanced + Treadmill,5,No,200,Increase incline gradually.
35,6,Treadmill Cool Down Walk,Full-Body,Strength,Advanced,Treadmill,5,15,30,10,Strength + Advanced + Treadmill,5,No,200,Slow down to a walk.
35,7,Treadmill Hill Sprints,Full-Body,Strength,Advanced,Treadmill,5,15,30,10,Strength + Advanced + Treadmill,5,No,200,Increase incline gradually.
35,7,Treadmill Steady State Jog,Legs,Strength,Advanced,Treadmill,5,15,30,10,Strength + Advanced + Treadmill,5,No,200,Maintain a steady pace.
35,7,Treadmill Interval Jogging,Full-Body,Strength,Advanced,Treadmill,5,15,30,10,Strength + Advanced + Treadmill,5,No,200,Alternate between jogging and walking.
35,7,Treadmill Incline Jogging,Legs,Strength,Advanced,Treadmill,5,15,30,10,Strength + Advanced + Treadmill,5,No,200,Increase incline gradually.
35,7,Treadmill Cool Down Walk,Full-Body,Strength,Advanced,Treadmill,5,15,30,10,Strength + Advanced + Treadmill,5,No,200,Slow down to a walk.

36,1,Jumping Jacks,Full-Body,Strength,Advanced,None,5,15,30,10,Strength + Advanced + None,5,No,200,Warm up with light movements.
36,1,Squats,Legs,Strength,Advanced,None,5,15,30,10,Strength + Advanced + None,5,No,200,Focus on form.
36,1,Lunges,Legs,Strength,Advanced,None,5,15,30,10,Strength + Advanced + None,5,No,200,Keep balance.
36,1,Push-Ups,Chest,Strength,Advanced,None,5,15,30,10,Strength + Advanced + None,5,No,200,Modify if needed.
36,1,Rows,Back,Strength,Advanced,None,5,15,30,10,Strength + Advanced + None,5,No,200,Control the movement.
36,2,5 Knees,Full-Body,Strength,Advanced,None,5,15,30,10,Strength + Advanced + None,5,No,200,Engage core.
36,2,Deadlifts,Legs,Strength,Advanced,None,5,15,30,10,Strength + Advanced + None,5,No,200,Keep back straight.
36,2,Shoulder Press,Shoulders,Strength,Advanced,None,5,15,30,10,Strength + Advanced + None,5,No,200,Use controlled motion.
36,2,Bicep Curls,Arms,Strength,Advanced,None,5,15,30,10,Strength + Advanced + None,5,No,200,Focus on biceps.
36,2,Plank,Core,Strength,Advanced,None,5,30,30,10,Strength + Advanced + None,5,No,200,Hold for 30 seconds.
36,3,Burpees,Full-Body,Strength,Advanced,None,5,15,30,10,Strength + Advanced + None,5,No,200,Start slow.
36,3,Step-Ups,Legs,Strength,Advanced,None,5,15,30,10,Strength + Advanced + None,5,No,200,Use a stable platform.
36,3,Chest Press,Chest,Strength,Advanced,None,5,15,30,10,Strength + Advanced + None,5,No,200,Keep elbows close.
36,3,Lat Pulldowns,Back,Strength,Advanced,None,5,15,30,10,Strength + Advanced + None,5,No,200,Use a resistance band.
36,3,Side Plank,Core,Strength,Advanced,None,5,30,30,10,Strength + Advanced + None,5,No,200,Hold for 30 seconds on each side.
36,4,Mountain Climbers,Full-Body,Strength,Advanced,None,5,15,30,10,Strength + Advanced + None,5,No,200,Engage core.
36,4,Bulgarian Split Squats,Legs,Strength,Advanced,None,5,15,30,10,Strength + Advanced + None,5,No,200,Use a bench.
36,4,Incline Bench Press,Chest,Strength,Advanced,None,5,15,30,10,Strength + Advanced + None,5,No,200,Use an incline bench.
36,4,Bent Over Rows,Back,Strength,Advanced,None,5,15,30,10,Strength + Advanced + None,5,No,200,Keep back flat.
36,4,Russian Twists,Core,Strength,Advanced,None,5,30,30,10,Strength + Advanced + None,5,No,200,Control the twist.
36,5,Jump Rope,Full-Body,Strength,Advanced,None,5,15,30,10,Strength + Advanced + None,5,No,200,Simulate jump rope.
36,5,Single Leg Deadlifts,Legs,Strength,Advanced,None,5,15,30,10,Strength + Advanced + None,5,No,200,Keep balance.
36,5,Decline Push-Ups,Chest,Strength,Advanced,None,5,15,30,10,Strength + Advanced + None,5,No,200,Use a bench.
36,5,Face Pulls,Shoulders,Strength,Advanced,None,5,15,30,10,Strength + Advanced + None,5,No,200,Use a resistance band.
36,5,Bicycle Crunches,Core,Strength,Advanced,None,5,30,30,10,Strength + Advanced + None,5,No,200,Control the motion.
36,6,Box Jumps,Full-Body,Strength,Advanced,None,5,15,30,10,Strength + Advanced + None,5,No,200,Use a stable box.
36,6,Glute Bridges,Legs,Strength,Advanced,None,5,15,30,10,Strength + Advanced + None,5,No,200,Engage glutes.
36,6,Dips,Triceps,Strength,Advanced,None,5,15,30,10,Strength + Advanced + None,5,No,200,Use parallel bars.
36,6,Reverse Fly,Shoulders,Strength,Advanced,None,5,15,30,10,Strength + Advanced + None,5,No,200,Control the movement.
36,6,Leg Raises,Core,Strength,Advanced,None,5,30,30,10,Strength + Advanced + None,5,No,200,Keep legs straight.
36,7,Skaters,Full-Body,Strength,Advanced,None,5,15,30,10,Strength + Advanced + None,5,No,200,Engage core.
36,7,Wall Sit,Legs,Strength,Advanced,None,5,30,30,10,Strength + Advanced + None,5,No,200,Hold for 30 seconds.
36,7,Cable Fly,Chest,Strength,Advanced,None,5,15,30,10,Strength + Advanced + None,5,No,200,Use a cable machine.
36,7,Seated Rows,Back,Strength,Advanced,None,5,15,30,10,Strength + Advanced + None,5,No,200,Use a resistance band.
36,7,Plank with Leg Lift,Core,Strength,Advanced,None,5,30,30,10,Strength + Advanced + None,5,No,200,Lift one leg at a time.

37,1,Dumbbell Jumping Jacks,Full-Body,Strength,Beginner,Dumbbell,3,15,30,10,Strength + Beginner + Dumbbell,2,No,100,Warm up with light movements.
37,1,Dumbbell Squats,Legs,Strength,Beginner,Dumbbell,3,15,30,10,Strength + Beginner + Dumbbell,2,No,100,Focus on form.
37,1,Dumbbell Lunges,Legs,Strength,Beginner,Dumbbell,3,15,30,10,Strength + Beginner + Dumbbell,2,No,100,Keep weights light.
37,1,Dumbbell Push-Ups,Chest,Strength,Beginner,Dumbbell,3,15,30,10,Strength + Beginner + Dumbbell,2,No,100,Modify if needed.
37,1,Dumbbell Rows,Back,Strength,Beginner,Dumbbell,3,15,30,10,Strength + Beginner + Dumbbell,2,No,100,Control the movement.
37,2,Dumbbell 5 Knees,Full-Body,Strength,Beginner,Dumbbell,3,15,30,10,Strength + Beginner + Dumbbell,2,No,100,Engage core.
37,2,Dumbbell Deadlifts,Legs,Strength,Beginner,Dumbbell,3,15,30,10,Strength + Beginner + Dumbbell,2,No,100,Keep back straight.
37,2,Dumbbell Shoulder Press,Shoulders,Strength,Beginner,Dumbbell,3,15,30,10,Strength + Beginner + Dumbbell,2,No,100,Use controlled motion.
37,2,Dumbbell Bicep Curls,Arms,Strength,Beginner,Dumbbell,3,15,30,10,Strength + Beginner + Dumbbell,2,No,100,Focus on biceps.
37,2,Dumbbell Plank,Core,Strength,Beginner,Dumbbell,3,30,30,10,Strength + Beginner + Dumbbell,2,No,100,Hold for 30 seconds.
37,3,Dumbbell Burpees,Full-Body,Strength,Beginner,Dumbbell,3,15,30,10,Strength + Beginner + Dumbbell,2,No,100,Start s2.
37,3,Dumbbell Step-Ups,Legs,Strength,Beginner,Dumbbell,3,15,30,10,Strength + Beginner + Dumbbell,2,No,100,Use a stable platform.
37,3,Dumbbell Chest Press,Chest,Strength,Beginner,Dumbbell,3,15,30,10,Strength + Beginner + Dumbbell,2,No,100,Keep elbows close.
37,3,Dumbbell Lat Pulldowns,Back,Strength,Beginner,Dumbbell,3,15,30,10,Strength + Beginner + Dumbbell,2,No,100,Use a resistance band.
37,3,Dumbbell Side Plank,Core,Strength,Beginner,Dumbbell,3,30,30,10,Strength + Beginner + Dumbbell,2,No,100,Hold for 30 seconds on each side.
37,4,Dumbbell Mountain Climbers,Full-Body,Strength,Beginner,Dumbbell,3,15,30,10,Strength + Beginner + Dumbbell,2,No,100,Engage core.
37,4,Dumbbell Bulgarian Split Squats,Legs,Strength,Beginner,Dumbbell,3,15,30,10,Strength + Beginner + Dumbbell,2,No,100,Use a bench.
37,4,Dumbbell Incline Bench Press,Chest,Strength,Beginner,Dumbbell,3,15,30,10,Strength + Beginner + Dumbbell,2,No,100,Use an incline bench.
37,4,Dumbbell Bent Over Rows,Back,Strength,Beginner,Dumbbell,3,15,30,10,Strength + Beginner + Dumbbell,2,No,100,Keep back flat.
37,4,Dumbbell Russian Twists,Core,Strength,Beginner,Dumbbell,3,30,30,10,Strength + Beginner + Dumbbell,2,No,100,Control the twist.
37,5,Dumbbell Jump Rope,Full-Body,Strength,Beginner,Dumbbell,3,15,30,10,Strength + Beginner + Dumbbell,2,No,100,Simulate jump rope.
37,5,Dumbbell Single Leg Deadlifts,Legs,Strength,Beginner,Dumbbell,3,15,30,10,Strength + Beginner + Dumbbell,2,No,100,Keep balance.
37,5,Dumbbell Decline Push-Ups,Chest,Strength,Beginner,Dumbbell,3,15,30,10,Strength + Beginner + Dumbbell,2,No,100,Use a bench.
37,5,Dumbbell Face Pulls,Shoulders,Strength,Beginner,Dumbbell,3,15,30,10,Strength + Beginner + Dumbbell,2,No,100,Use a resistance band.
37,5,Dumbbell Bicycle Crunches,Core,Strength,Beginner,Dumbbell,3,30,30,10,Strength + Beginner + Dumbbell,2,No,100,Control the motion.
37,6,Dumbbell Box Jumps,Full-Body,Strength,Beginner,Dumbbell,3,15,30,10,Strength + Beginner + Dumbbell,2,No,100,Use a stable box.
37,6,Dumbbell Glute Bridges,Legs,Strength,Beginner,Dumbbell,3,15,30,10,Strength + Beginner + Dumbbell,2,No,100,Engage glutes.
37,6,Dumbbell Dips,Triceps,Strength,Beginner,Dumbbell,3,15,30,10,Strength + Beginner + Dumbbell,2,No,100,Use parallel bars.
37,6,Dumbbell Reverse Fly,Shoulders,Strength,Beginner,Dumbbell,3,15,30,10,Strength + Beginner + Dumbbell,2,No,100,Control the movement.
37,6,Dumbbell Leg Raises,Core,Strength,Beginner,Dumbbell,3,30,30,10,Strength + Beginner + Dumbbell,2,No,100,Keep legs straight.
37,7,Dumbbell Skaters,Full-Body,Strength,Beginner,Dumbbell,3,15,30,10,Strength + Beginner + Dumbbell,2,No,100,Engage core.
37,7,Dumbbell Wall Sit,Legs,Strength,Beginner,Dumbbell,3,30,30,10,Strength + Beginner + Dumbbell,2,No,100,Hold for 30 seconds.
37,7,Dumbbell Cable Fly,Chest,Strength,Beginner,Dumbbell,3,15,30,10,Strength + Beginner + Dumbbell,2,No,100,Use a cable machine.
37,7,Dumbbell Seated Rows,Back,Strength,Beginner,Dumbbell,3,15,30,10,Strength + Beginner + Dumbbell,2,No,100,Use a resistance band.
37,7,Dumbbell Plank with Leg Lift,Core,Strength,Beginner,Dumbbell,3,30,30,10,Strength + Beginner + Dumbbell,2,No,100,Lift one leg at a time.

38,1,Resistance Band Jumping Jacks,Full-Body,Strength,Advanced,Resistance Band,5,15,30,10,Strength + Advanced + Resistance Band,5,No,200,Warm up with light movements.
38,1,Resistance Band Squats,Legs,Strength,Advanced,Resistance Band,5,15,30,10,Strength + Advanced + Resistance Band,5,No,200,Focus on form.
38,1,Resistance Band Lunges,Legs,Strength,Advanced,Resistance Band,5,15,30,10,Strength + Advanced + Resistance Band,5,No,200,Keep band taut.
38,1,Resistance Band Push-Ups,Chest,Strength,Advanced,Resistance Band,5,15,30,10,Strength + Advanced + Resistance Band,5,No,200,Modify if needed.
38,1,Resistance Band Rows,Back,Strength,Advanced,Resistance Band,5,15,30,10,Strength + Advanced + Resistance Band,5,No,200,Control the movement.
38,2,Resistance Band 5 Knees,Full-Body,Strength,Advanced,Resistance Band,5,15,30,10,Strength + Advanced + Resistance Band,5,No,200,Engage core.
38,2,Resistance Band Deadlifts,Legs,Strength,Advanced,Resistance Band,5,15,30,10,Strength + Advanced + Resistance Band,5,No,200,Keep back straight.
38,2,Resistance Band Shoulder Press,Shoulders,Strength,Advanced,Resistance Band,5,15,30,10,Strength + Advanced + Resistance Band,5,No,200,Use controlled motion.
38,2,Resistance Band Bicep Curls,Arms,Strength,Advanced,Resistance Band,5,15,30,10,Strength + Advanced + Resistance Band,5,No,200,Focus on biceps.
38,2,Resistance Band Plank,Core,Strength,Advanced,Resistance Band,5,30,30,10,Strength + Advanced + Resistance Band,5,No,200,Hold for 30 seconds.
38,3,Resistance Band Burpees,Full-Body,Strength,Advanced,Resistance Band,5,15,30,10,Strength + Advanced + Resistance Band,5,No,200,Start slow.
38,3,Resistance Band Step-Ups,Legs,Strength,Advanced,Resistance Band,5,15,30,10,Strength + Advanced + Resistance Band,5,No,200,Use a stable platform.
38,3,Resistance Band Chest Press,Chest,Strength,Advanced,Resistance Band,5,15,30,10,Strength + Advanced + Resistance Band,5,No,200,Keep elbows close.
38,3,Resistance Band Lat Pulldowns,Back,Strength,Advanced,Resistance Band,5,15,30,10,Strength + Advanced + Resistance Band,5,No,200,Use a resistance band.
38,3,Resistance Band Side Plank,Core,Strength,Advanced,Resistance Band,5,30,30,10,Strength + Advanced + Resistance Band,5,No,200,Hold for 30 seconds on each side.
38,4,Resistance Band Mountain Climbers,Full-Body,Strength,Advanced,Resistance Band,5,15,30,10,Strength + Advanced + Resistance Band,5,No,200,Engage core.
38,4,Resistance Band Bulgarian Split Squats,Legs,Strength,Advanced,Resistance Band,5,15,30,10,Strength + Advanced + Resistance Band,5,No,200,Use a bench.
38,4,Resistance Band Incline Bench Press,Chest,Strength,Advanced,Resistance Band,5,15,30,10,Strength + Advanced + Resistance Band,5,No,200,Use an incline bench.
38,4,Resistance Band Bent Over Rows,Back,Strength,Advanced,Resistance Band,5,15,30,10,Strength + Advanced + Resistance Band,5,No,200,Keep back flat.
38,4,Resistance Band Russian Twists,Core,Strength,Advanced,Resistance Band,5,30,30,10,Strength + Advanced + Resistance Band,5,No,200,Control the twist.
38,5,Resistance Band Jump Rope,Full-Body,Strength,Advanced,Resistance Band,5,15,30,10,Strength + Advanced + Resistance Band,5,No,200,Simulate jump rope.
38,5,Resistance Band Single Leg Deadlifts,Legs,Strength,Advanced,Resistance Band,5,15,30,10,Strength + Advanced + Resistance Band,5,No,200,Keep balance.
38,5,Resistance Band Decline Push-Ups,Chest,Strength,Advanced,Resistance Band,5,15,30,10,Strength + Advanced + Resistance Band,5,No,200,Use a bench.
38,5,Resistance Band Face Pulls,Shoulders,Strength,Advanced,Resistance Band,5,15,30,10,Strength + Advanced + Resistance Band,5,No,200,Use a resistance band.
38,5,Resistance Band Bicycle Crunches,Core,Strength,Advanced,Resistance Band,5,30,30,10,Strength + Advanced + Resistance Band,5,No,200,Control the motion.
38,6,Resistance Band Box Jumps,Full-Body,Strength,Advanced,Resistance Band,5,15,30,10,Strength + Advanced + Resistance Band,5,No,200,Use a stable box.
38,6,Resistance Band Glute Bridges,Legs,Strength,Advanced,Resistance Band,5,15,30,10,Strength + Advanced + Resistance Band,5,No,200,Engage glutes.
38,6,Resistance Band Dips,Triceps,Strength,Advanced,Resistance Band,5,15,30,10,Strength + Advanced + Resistance Band,5,No,200,Use parallel bars.
38,6,Resistance Band Reverse Fly,Shoulders,Strength,Advanced,Resistance Band,5,15,30,10,Strength + Advanced + Resistance Band,5,No,200,Control the movement.
38,6,Resistance Band Leg Raises,Core,Strength,Advanced,Resistance Band,5,30,30,10,Strength + Advanced + Resistance Band,5,No,200,Keep legs straight.
38,7,Resistance Band Skaters,Full-Body,Strength,Advanced,Resistance Band,5,15,30,10,Strength + Advanced + Resistance Band,5,No,200,Engage core.
38,7,Resistance Band Wall Sit,Legs,Strength,Advanced,Resistance Band,5,30,30,10,Strength + Advanced + Resistance Band,5,No,200,Hold for 30 seconds.
38,7,Resistance Band Cable Fly,Chest,Strength,Advanced,Resistance Band,5,15,30,10,Strength + Advanced + Resistance Band,5,No,200,Use a cable machine.
38,7,Resistance Band Seated Rows,Back,Strength,Advanced,Resistance Band,5,15,30,10,Strength + Advanced + Resistance Band,5,No,200,Use a resistance band.
38,7,Resistance Band Plank with Leg Lift,Core,Strength,Advanced,Resistance Band,5,30,30,10,Strength + Advanced + Resistance Band,5,No,200,Lift one leg at a time.

39,1,Treadmill Walking,Full-Body,Strength,Advanced,Treadmill,5,15,30,10,Strength + Advanced + Treadmill,5,No,200,Warm up with a light walk.
39,1,Treadmill Incline Walk,Legs,Strength,Advanced,Treadmill,5,15,30,10,Strength + Advanced + Treadmill,5,No,200,Increase incline gradually.
39,1,Treadmill Jogging,Full-Body,Strength,Advanced,Treadmill,5,15,30,10,Strength + Advanced + Treadmill,5,No,200,Start with a fast jog.
39,1,Treadmill Interval Walking,Legs,Strength,Advanced,Treadmill,5,15,30,10,Strength + Advanced + Treadmill,5,No,200,Alternate between walking and jogging.
39,1,Treadmill Cool Down,Full-Body,Strength,Advanced,Treadmill,5,15,30,10,Strength + Advanced + Treadmill,5,No,200,Slow down to a walk.
39,2,Treadmill Hill Walking,Full-Body,Strength,Advanced,Treadmill,5,15,30,10,Strength + Advanced + Treadmill,5,No,200,Engage glutes and hamstrings.
39,2,Treadmill Steady State Jog,Legs,Strength,Advanced,Treadmill,5,15,30,10,Strength + Advanced + Treadmill,5,No,200,Maintain a steady pace.
39,2,Treadmill Interval Jogging,Full-Body,Strength,Advanced,Treadmill,5,15,30,10,Strength + Advanced + Treadmill,5,No,200,Alternate between jogging and walking.
39,2,Treadmill Incline Jogging,Legs,Strength,Advanced,Treadmill,5,15,30,10,Strength + Advanced + Treadmill,5,No,200,Increase incline gradually.
39,2,Treadmill Cool Down Walk,Full-Body,Strength,Advanced,Treadmill,5,15,30,10,Strength + Advanced + Treadmill,5,No,200,Slow down to a walk.
39,3,Treadmill Hill Sprints,Full-Body,Strength,Advanced,Treadmill,5,15,30,10,Strength + Advanced + Treadmill,5,No,200,Increase incline gradually.
39,3,Treadmill Steady State Jog,Legs,Strength,Advanced,Treadmill,5,15,30,10,Strength + Advanced + Treadmill,5,No,200,Maintain a steady pace.
39,3,Treadmill Interval Jogging,Full-Body,Strength,Advanced,Treadmill,5,15,30,10,Strength + Advanced + Treadmill,5,No,200,Alternate between jogging and walking.
39,3,Treadmill Incline Jogging,Legs,Strength,Advanced,Treadmill,5,15,30,10,Strength + Advanced + Treadmill,5,No,200,Increase incline gradually.
39,3,Treadmill Cool Down Walk,Full-Body,Strength,Advanced,Treadmill,5,15,30,10,Strength + Advanced + Treadmill,5,No,200,Slow down to a walk.
39,4,Treadmill Hill Sprints,Full-Body,Strength,Advanced,Treadmill,5,15,30,10,Strength + Advanced + Treadmill,5,No,200,Increase incline gradually.
39,4,Treadmill Steady State Jog,Legs,Strength,Advanced,Treadmill,5,15,30,10,Strength + Advanced + Treadmill,5,No,200,Maintain a steady pace.
39,4,Treadmill Interval Jogging,Full-Body,Strength,Advanced,Treadmill,5,15,30,10,Strength + Advanced + Treadmill,5,No,200,Alternate between jogging and walking.
39,4,Treadmill Incline Jogging,Legs,Strength,Advanced,Treadmill,5,15,30,10,Strength + Advanced + Treadmill,5,No,200,Increase incline gradually.
39,4,Treadmill Cool Down Walk,Full-Body,Strength,Advanced,Treadmill,5,15,30,10,Strength + Advanced + Treadmill,5,No,200,Slow down to a walk.
39,5,Treadmill Hill Sprints,Full-Body,Strength,Advanced,Treadmill,5,15,30,10,Strength + Advanced + Treadmill,5,No,200,Increase incline gradually.
39,5,Treadmill Steady State Jog,Legs,Strength,Advanced,Treadmill,5,15,30,10,Strength + Advanced + Treadmill,5,No,200,Maintain a steady pace.
39,5,Treadmill Interval Jogging,Full-Body,Strength,Advanced,Treadmill,5,15,30,10,Strength + Advanced + Treadmill,5,No,200,Alternate between jogging and walking.
39,5,Treadmill Incline Jogging,Legs,Strength,Advanced,Treadmill,5,15,30,10,Strength + Advanced + Treadmill,5,No,200,Increase incline gradually.
39,5,Treadmill Cool Down Walk,Full-Body,Strength,Advanced,Treadmill,5,15,30,10,Strength + Advanced + Treadmill,5,No,200,Slow down to a walk.
39,6,Treadmill Hill Sprints,Full-Body,Strength,Advanced,Treadmill,5,15,30,10,Strength + Advanced + Treadmill,5,No,200,Increase incline gradually.
39,6,Treadmill Steady State Jog,Legs,Strength,Advanced,Treadmill,5,15,30,10,Strength + Advanced + Treadmill,5,No,200,Maintain a steady pace.
39,6,Treadmill Interval Jogging,Full-Body,Strength,Advanced,Treadmill,5,15,30,10,Strength + Advanced + Treadmill,5,No,200,Alternate between jogging and walking.
39,6,Treadmill Incline Jogging,Legs,Strength,Advanced,Treadmill,5,15,30,10,Strength + Advanced + Treadmill,5,No,200,Increase incline gradually.
39,6,Treadmill Cool Down Walk,Full-Body,Strength,Advanced,Treadmill,5,15,30,10,Strength + Advanced + Treadmill,5,No,200,Slow down to a walk.
39,7,Treadmill Hill Sprints,Full-Body,Strength,Advanced,Treadmill,5,15,30,10,Strength + Advanced + Treadmill,5,No,200,Increase incline gradually.
39,7,Treadmill Steady State Jog,Legs,Strength,Advanced,Treadmill,5,15,30,10,Strength + Advanced + Treadmill,5,No,200,Maintain a steady pace.
39,7,Treadmill Interval Jogging,Full-Body,Strength,Advanced,Treadmill,5,15,30,10,Strength + Advanced + Treadmill,5,No,200,Alternate between jogging and walking.
39,7,Treadmill Incline Jogging,Legs,Strength,Advanced,Treadmill,5,15,30,10,Strength + Advanced + Treadmill,5,No,200,Increase incline gradually.
39,7,Treadmill Cool Down Walk,Full-Body,Strength,Advanced,Treadmill,5,15,30,10,Strength + Advanced + Treadmill,5,No,200,Slow down to a walk.

40,1,Jumping Jacks,Full-Body,Strength,Advanced,None,5,15,30,10,Strength + Advanced + None,5,No,200,Warm up with light movements.
40,1,Squats,Legs,Strength,Advanced,None,5,15,30,10,Strength + Advanced + None,5,No,200,Focus on form.
40,1,Lunges,Legs,Strength,Advanced,None,5,15,30,10,Strength + Advanced + None,5,No,200,Keep balance.
40,1,Push-Ups,Chest,Strength,Advanced,None,5,15,30,10,Strength + Advanced + None,5,No,200,Modify if needed.
40,1,Rows,Back,Strength,Advanced,None,5,15,30,10,Strength + Advanced + None,5,No,200,Control the movement.
40,2,5 Knees,Full-Body,Strength,Advanced,None,5,15,30,10,Strength + Advanced + None,5,No,200,Engage core.
40,2,Deadlifts,Legs,Strength,Advanced,None,5,15,30,10,Strength + Advanced + None,5,No,200,Keep back straight.
40,2,Shoulder Press,Shoulders,Strength,Advanced,None,5,15,30,10,Strength + Advanced + None,5,No,200,Use controlled motion.
40,2,Bicep Curls,Arms,Strength,Advanced,None,5,15,30,10,Strength + Advanced + None,5,No,200,Focus on biceps.
40,2,Plank,Core,Strength,Advanced,None,5,30,30,10,Strength + Advanced + None,4,No,200,Hold for 30 seconds.
40,3,Burpees,Full-Body,Strength,Advanced,None,5,15,30,10,Strength + Advanced + None,4,No,200,Start slow.
40,3,Step-Ups,Legs,Strength,Advanced,None,5,15,30,10,Strength + Advanced + None,4,No,200,Use a stable platform.
40,3,Chest Press,Chest,Strength,Advanced,None,5,15,30,10,Strength + Advanced + None,4,No,200,Keep elbows close.
40,3,Lat Pulldowns,Back,Strength,Advanced,None,5,15,30,10,Strength + Advanced + None,4,No,200,Use a resistance band.
40,3,Side Plank,Core,Strength,Advanced,None,5,30,30,10,Strength + Advanced + None,4,No,200,Hold for 30 seconds on each side.
40,4,Mountain Climbers,Full-Body,Strength,Advanced,None,5,15,30,10,Strength + Advanced + None,4,No,200,Engage core.
40,4,Bulgarian Split Squats,Legs,Strength,Advanced,None,5,15,30,10,Strength + Advanced + None,4,No,200,Use a bench.
40,4,Incline Bench Press,Chest,Strength,Advanced,None,5,15,30,10,Strength + Advanced + None,4,No,200,Use an incline bench.
40,4,Bent Over Rows,Back,Strength,Advanced,None,5,15,30,10,Strength + Advanced + None,4,No,200,Keep back flat.
40,4,Russian Twists,Core,Strength,Advanced,None,5,30,30,10,Strength + Advanced + None,4,No,200,Control the twist.
40,5,Jump Rope,Full-Body,Strength,Advanced,None,5,15,30,10,Strength + Advanced + None,4,No,200,Simulate jump rope.
40,5,Single Leg Deadlifts,Legs,Strength,Advanced,None,5,15,30,10,Strength + Advanced + None,4,No,200,Keep balance.
40,5,Decline Push-Ups,Chest,Strength,Advanced,None,5,15,30,10,Strength + Advanced + None,4,No,200,Use a bench.
40,5,Face Pulls,Shoulders,Strength,Advanced,None,5,15,30,10,Strength + Advanced + None,4,No,200,Use a resistance band.
40,5,Bicycle Crunches,Core,Strength,Advanced,None,5,30,30,10,Strength + Advanced + None,4,No,200,Control the motion.
40,6,Box Jumps,Full-Body,Strength,Advanced,None,5,15,30,10,Strength + Advanced + None,4,No,200,Use a stable box.
40,6,Glute Bridges,Legs,Strength,Advanced,None,5,15,30,10,Strength + Advanced + None,4,No,200,Engage glutes.
40,6,Dips,Triceps,Strength,Advanced,None,5,15,30,10,Strength + Advanced + None,4,No,200,Use parallel bars.
40,6,Reverse Fly,Shoulders,Strength,Advanced,None,5,15,30,10,Strength + Advanced + None,4,No,200,Control the movement.
40,6,Leg Raises,Core,Strength,Advanced,None,5,30,30,10,Strength + Advanced + None,4,No,200,Keep legs straight.
40,7,Skaters,Full-Body,Strength,Advanced,None,5,15,30,10,Strength + Advanced + None,4,No,200,Engage core.
40,7,Wall Sit,Legs,Strength,Advanced,None,5,30,30,10,Strength + Advanced + None,4,No,200,Hold for 30 seconds.
40,7,Cable Fly,Chest,Strength,Advanced,None,5,15,30,10,Strength + Advanced + None,4,No,200,Use a cable machine.
40,7,Seated Rows,Back,Strength,Advanced,None,5,15,30,10,Strength + Advanced + None,4,No,200,Use a resistance band.
40,7,Plank with Leg Lift,Core,Strength,Advanced,None,5,30,30,10,Strength + Advanced + None,4,No,200,Lift one leg at a time.

41,1,Dumbbell Jumping Jacks,Full-Body,Strength,Advanced,Dumbbell,5,15,30,10,Strength + Advanced + Dumbbell,5,No,200,Warm up with light movements.
41,1,Dumbbell Squats,Legs,Strength,Advanced,Dumbbell,5,15,30,10,Strength + Advanced + Dumbbell,5,No,200,Focus on form.
41,1,Dumbbell Lunges,Legs,Strength,Advanced,Dumbbell,5,15,30,10,Strength + Advanced + Dumbbell,5,No,200,Keep weights heavy.
41,1,Dumbbell Push-Ups,Chest,Strength,Advanced,Dumbbell,5,15,30,10,Strength + Advanced + Dumbbell,5,No,200,Modify if needed.
41,1,Dumbbell Rows,Back,Strength,Advanced,Dumbbell,5,15,30,10,Strength + Advanced + Dumbbell,5,No,200,Control the movement.
41,2,Dumbbell 5 Knees,Full-Body,Strength,Advanced,Dumbbell,5,15,30,10,Strength + Advanced + Dumbbell,5,No,200,Engage core.
41,2,Dumbbell Deadlifts,Legs,Strength,Advanced,Dumbbell,5,15,30,10,Strength + Advanced + Dumbbell,5,No,200,Keep back straight.
41,2,Dumbbell Shoulder Press,Shoulders,Strength,Advanced,Dumbbell,5,15,30,10,Strength + Advanced + Dumbbell,5,No,200,Use controlled motion.
41,2,Dumbbell Bicep Curls,Arms,Strength,Advanced,Dumbbell,5,15,30,10,Strength + Advanced + Dumbbell,5,No,200,Focus on biceps.
41,2,Dumbbell Plank,Core,Strength,Advanced,Dumbbell,5,30,30,10,Strength + Advanced + Dumbbell,5,No,200,Hold for 30 seconds.
41,3,Dumbbell Burpees,Full-Body,Strength,Advanced,Dumbbell,5,15,30,10,Strength + Advanced + Dumbbell,5,No,200,Start slow.
41,3,Dumbbell Step-Ups,Legs,Strength,Advanced,Dumbbell,5,15,30,10,Strength + Advanced + Dumbbell,5,No,200,Use a stable platform.
41,3,Dumbbell Chest Press,Chest,Strength,Advanced,Dumbbell,5,15,30,10,Strength + Advanced + Dumbbell,5,No,200,Keep elbows close.
41,3,Dumbbell Lat Pulldowns,Back,Strength,Advanced,Dumbbell,5,15,30,10,Strength + Advanced + Dumbbell,5,No,200,Use a resistance band.
41,3,Dumbbell Side Plank,Core,Strength,Advanced,Dumbbell,5,30,30,10,Strength + Advanced + Dumbbell,5,No,200,Hold for 30 seconds on each side.
41,4,Dumbbell Mountain Climbers,Full-Body,Strength,Advanced,Dumbbell,5,15,30,10,Strength + Advanced + Dumbbell,5,No,200,Engage core.
41,4,Dumbbell Bulgarian Split Squats,Legs,Strength,Advanced,Dumbbell,5,15,30,10,Strength + Advanced + Dumbbell,5,No,200,Use a bench.
41,4,Dumbbell Incline Bench Press,Chest,Strength,Advanced,Dumbbell,5,15,30,10,Strength + Advanced + Dumbbell,5,No,200,Use an incline bench.
41,4,Dumbbell Bent Over Rows,Back,Strength,Advanced,Dumbbell,5,15,30,10,Strength + Advanced + Dumbbell,5,No,200,Keep back flat.
41,4,Dumbbell Russian Twists,Core,Strength,Advanced,Dumbbell,5,30,30,10,Strength + Advanced + Dumbbell,5,No,200,Control the twist.
41,5,Dumbbell Jump Rope,Full-Body,Strength,Advanced,Dumbbell,5,15,30,10,Strength + Advanced + Dumbbell,5,No,200,Simulate jump rope.
41,5,Dumbbell Single Leg Deadlifts,Legs,Strength,Advanced,Dumbbell,5,15,30,10,Strength + Advanced + Dumbbell,5,No,200,Keep balance.
41,5,Dumbbell Decline Push-Ups,Chest,Strength,Advanced,Dumbbell,5,15,30,10,Strength + Advanced + Dumbbell,5,No,200,Use a bench.
41,5,Dumbbell Face Pulls,Shoulders,Strength,Advanced,Dumbbell,5,15,30,10,Strength + Advanced + Dumbbell,5,No,200,Use a resistance band.
41,5,Dumbbell Bicycle Crunches,Core,Strength,Advanced,Dumbbell,5,30,30,10,Strength + Advanced + Dumbbell,5,No,200,Control the motion.
41,6,Dumbbell Box Jumps,Full-Body,Strength,Advanced,Dumbbell,5,15,30,10,Strength + Advanced + Dumbbell,5,No,200,Use a stable box.
41,6,Dumbbell Glute Bridges,Legs,Strength,Advanced,Dumbbell,5,15,30,10,Strength + Advanced + Dumbbell,5,No,200,Engage glutes.
41,6,Dumbbell Dips,Triceps,Strength,Advanced,Dumbbell,5,15,30,10,Strength + Advanced + Dumbbell,5,No,200,Use parallel bars.
41,6,Dumbbell Reverse Fly,Shoulders,Strength,Advanced,Dumbbell,5,15,30,10,Strength + Advanced + Dumbbell,5,No,200,Control the movement.
41,6,Dumbbell Leg Raises,Core,Strength,Advanced,Dumbbell,5,30,30,10,Strength + Advanced + Dumbbell,5,No,200,Keep legs straight.
41,7,Dumbbell Skaters,Full-Body,Strength,Advanced,Dumbbell,5,15,30,10,Strength + Advanced + Dumbbell,5,No,200,Engage core.
41,7,Dumbbell Wall Sit,Legs,Strength,Advanced,Dumbbell,5,30,30,10,Strength + Advanced + Dumbbell,5,No,200,Hold for 30 seconds.
41,7,Dumbbell Cable Fly,Chest,Strength,Advanced,Dumbbell,5,15,30,10,Strength + Advanced + Dumbbell,5,No,200,Use a cable machine.
41,7,Dumbbell Seated Rows,Back,Strength,Advanced,Dumbbell,5,15,30,10,Strength + Advanced + Dumbbell,5,No,200,Use a resistance band.
41,7,Dumbbell Plank with Leg Lift,Core,Strength,Advanced,Dumbbell,5,30,30,10,Strength + Advanced + Dumbbell,5,No,200,Lift one leg at a time.

42,1,Resistance Band Jumping Jacks,Full-Body,Strength,Advanced,Resistance Band,5,15,30,10,Strength + Advanced + Resistance Band,5,No,200,Warm up with light movements.
42,1,Resistance Band Squats,Legs,Strength,Advanced,Resistance Band,5,15,30,10,Strength + Advanced + Resistance Band,5,No,200,Focus on form.
42,1,Resistance Band Lunges,Legs,Strength,Advanced,Resistance Band,5,15,30,10,Strength + Advanced + Resistance Band,5,No,200,Keep band taut.
42,1,Resistance Band Push-Ups,Chest,Strength,Advanced,Resistance Band,5,15,30,10,Strength + Advanced + Resistance Band,5,No,200,Modify if needed.
42,1,Resistance Band Rows,Back,Strength,Advanced,Resistance Band,5,15,30,10,Strength + Advanced + Resistance Band,5,No,200,Control the movement.
42,2,Resistance Band 5 Knees,Full-Body,Strength,Advanced,Resistance Band,5,15,30,10,Strength + Advanced + Resistance Band,5,No,200,Engage core.
42,2,Resistance Band Deadlifts,Legs,Strength,Advanced,Resistance Band,5,15,30,10,Strength + Advanced + Resistance Band,5,No,200,Keep back straight.
42,2,Resistance Band Shoulder Press,Shoulders,Strength,Advanced,Resistance Band,5,15,30,10,Strength + Advanced + Resistance Band,5,No,200,Use controlled motion.
42,2,Resistance Band Bicep Curls,Arms,Strength,Advanced,Resistance Band,5,15,30,10,Strength + Advanced + Resistance Band,5,No,200,Focus on biceps.
42,2,Resistance Band Plank,Core,Strength,Advanced,Resistance Band,5,30,30,10,Strength + Advanced + Resistance Band,5,No,200,Hold for 30 seconds.
42,3,Resistance Band Burpees,Full-Body,Strength,Advanced,Resistance Band,5,15,30,10,Strength + Advanced + Resistance Band,5,No,200,Start slow.
42,3,Resistance Band Step-Ups,Legs,Strength,Advanced,Resistance Band,5,15,30,10,Strength + Advanced + Resistance Band,5,No,200,Use a stable platform.
42,3,Resistance Band Chest Press,Chest,Strength,Advanced,Resistance Band,5,15,30,10,Strength + Advanced + Resistance Band,5,No,200,Keep elbows close.
42,3,Resistance Band Lat Pulldowns,Back,Strength,Advanced,Resistance Band,5,15,30,10,Strength + Advanced + Resistance Band,5,No,200,Use a resistance band.
42,3,Resistance Band Side Plank,Core,Strength,Advanced,Resistance Band,5,30,30,10,Strength + Advanced + Resistance Band,5,No,200,Hold for 30 seconds on each side.
42,4,Resistance Band Mountain Climbers,Full-Body,Strength,Advanced,Resistance Band,5,15,30,10,Strength + Advanced + Resistance Band,5,No,200,Engage core.
42,4,Resistance Band Bulgarian Split Squats,Legs,Strength,Advanced,Resistance Band,5,15,30,10,Strength + Advanced + Resistance Band,5,No,200,Use a bench.
42,4,Resistance Band Incline Bench Press,Chest,Strength,Advanced,Resistance Band,5,15,30,10,Strength + Advanced + Resistance Band,5,No,200,Use an incline bench.
42,4,Resistance Band Bent Over Rows,Back,Strength,Advanced,Resistance Band,5,15,30,10,Strength + Advanced + Resistance Band,5,No,200,Keep back flat.
42,4,Resistance Band Russian Twists,Core,Strength,Advanced,Resistance Band,5,30,30,10,Strength + Advanced + Resistance Band,5,No,200,Control the twist.
42,5,Resistance Band Jump Rope,Full-Body,Strength,Advanced,Resistance Band,5,15,30,10,Strength + Advanced + Resistance Band,5,No,200,Simulate jump rope.
42,5,Resistance Band Single Leg Deadlifts,Legs,Strength,Advanced,Resistance Band,5,15,30,10,Strength + Advanced + Resistance Band,5,No,200,Keep balance.
42,5,Resistance Band Decline Push-Ups,Chest,Strength,Advanced,Resistance Band,5,15,30,10,Strength + Advanced + Resistance Band,5,No,200,Use a bench.
42,5,Resistance Band Face Pulls,Shoulders,Strength,Advanced,Resistance Band,5,15,30,10,Strength + Advanced + Resistance Band,5,No,200,Use a resistance band.
42,5,Resistance Band Bicycle Crunches,Core,Strength,Advanced,Resistance Band,5,30,30,10,Strength + Advanced + Resistance Band,5,No,200,Control the motion.
42,6,Resistance Band Box Jumps,Full-Body,Strength,Advanced,Resistance Band,5,15,30,10,Strength + Advanced + Resistance Band,5,No,200,Use a stable box.
42,6,Resistance Band Glute Bridges,Legs,Strength,Advanced,Resistance Band,5,15,30,10,Strength + Advanced + Resistance Band,5,No,200,Engage glutes.
42,6,Resistance Band Dips,Triceps,Strength,Advanced,Resistance Band,5,15,30,10,Strength + Advanced + Resistance Band,5,No,200,Use parallel bars.
42,6,Resistance Band Reverse Fly,Shoulders,Strength,Advanced,Resistance Band,5,15,30,10,Strength + Advanced + Resistance Band,5,No,200,Control the movement.
42,6,Resistance Band Leg Raises,Core,Strength,Advanced,Resistance Band,5,30,30,10,Strength + Advanced + Resistance Band,5,No,200,Keep legs straight.
42,7,Resistance Band Skaters,Full-Body,Strength,Advanced,Resistance Band,5,15,30,10,Strength + Advanced + Resistance Band,5,No,200,Engage core.
42,7,Resistance Band Wall Sit,Legs,Strength,Advanced,Resistance Band,5,30,30,10,Strength + Advanced + Resistance Band,5,No,200,Hold for 30 seconds.
42,7,Resistance Band Cable Fly,Chest,Strength,Advanced,Resistance Band,5,15,30,10,Strength + Advanced + Resistance Band,5,No,200,Use a cable machine.
42,7,Resistance Band Seated Rows,Back,Strength,Advanced,Resistance Band,5,15,30,10,Strength + Advanced + Resistance Band,5,No,200,Use a resistance band.
42,7,Resistance Band Plank with Leg Lift,Core,Strength,Advanced,Resistance Band,5,30,30,10,Strength + Advanced + Resistance Band,5,No,200,Lift one leg at a time.

43,1,Treadmill Walking,Full-Body,Strength,Advanced,Treadmill,5,15,30,10,Strength + Advanced + Treadmill,5,No,200,Warm up with a light walk.
43,1,Treadmill Incline Walk,Legs,Strength,Advanced,Treadmill,5,15,30,10,Strength + Advanced + Treadmill,5,No,200,Increase incline gradually.
43,1,Treadmill Jogging,Full-Body,Strength,Advanced,Treadmill,5,15,30,10,Strength + Advanced + Treadmill,5,No,200,Start with a fast jog.
43,1,Treadmill Interval Walking,Legs,Strength,Advanced,Treadmill,5,15,30,10,Strength + Advanced + Treadmill,5,No,200,Alternate between walking and jogging.
43,1,Treadmill Cool Down,Full-Body,Strength,Advanced,Treadmill,5,15,30,10,Strength + Advanced + Treadmill,5,No,200,Slow down to a walk.
43,2,Treadmill Hill Walking,Full-Body,Strength,Advanced,Treadmill,5,15,30,10,Strength + Advanced + Treadmill,5,No,200,Engage glutes and hamstrings.
43,2,Treadmill Steady State Jog,Legs,Strength,Advanced,Treadmill,5,15,30,10,Strength + Advanced + Treadmill,5,No,200,Maintain a steady pace.
43,2,Treadmill Interval Jogging,Full-Body,Strength,Advanced,Treadmill,5,15,30,10,Strength + Advanced + Treadmill,5,No,200,Alternate between jogging and walking.
43,2,Treadmill Incline Jogging,Legs,Strength,Advanced,Treadmill,5,15,30,10,Strength + Advanced + Treadmill,5,No,200,Increase incline gradually.
43,2,Treadmill Cool Down Walk,Full-Body,Strength,Advanced,Treadmill,5,15,30,10,Strength + Advanced + Treadmill,5,No,200,Slow down to a walk.
43,3,Treadmill Hill Sprints,Full-Body,Strength,Advanced,Treadmill,5,15,30,10,Strength + Advanced + Treadmill,5,No,200,Increase incline gradually.
43,3,Treadmill Steady State Jog,Legs,Strength,Advanced,Treadmill,5,15,30,10,Strength + Advanced + Treadmill,5,No,200,Maintain a steady pace.
43,3,Treadmill Interval Jogging,Full-Body,Strength,Advanced,Treadmill,5,15,30,10,Strength + Advanced + Treadmill,5,No,200,Alternate between jogging and walking.
43,3,Treadmill Incline Jogging,Legs,Strength,Advanced,Treadmill,5,15,30,10,Strength + Advanced + Treadmill,5,No,200,Increase incline gradually.
43,3,Treadmill Cool Down Walk,Full-Body,Strength,Advanced,Treadmill,5,15,30,10,Strength + Advanced + Treadmill,5,No,200,Slow down to a walk.
43,4,Treadmill Hill Sprints,Full-Body,Strength,Advanced,Treadmill,5,15,30,10,Strength + Advanced + Treadmill,5,No,200,Increase incline gradually.
43,4,Treadmill Steady State Jog,Legs,Strength,Advanced,Treadmill,5,15,30,10,Strength + Advanced + Treadmill,5,No,200,Maintain a steady pace.
43,4,Treadmill Interval Jogging,Full-Body,Strength,Advanced,Treadmill,5,15,30,10,Strength + Advanced + Treadmill,5,No,200,Alternate between jogging and walking.
43,4,Treadmill Incline Jogging,Legs,Strength,Advanced,Treadmill,5,15,30,10,Strength + Advanced + Treadmill,5,No,200,Increase incline gradually.
43,4,Treadmill Cool Down Walk,Full-Body,Strength,Advanced,Treadmill,5,15,30,10,Strength + Advanced + Treadmill,5,No,200,Slow down to a walk.
43,5,Treadmill Hill Sprints,Full-Body,Strength,Advanced,Treadmill,5,15,30,10,Strength + Advanced + Treadmill,5,No,200,Increase incline gradually.
43,5,Treadmill Steady State Jog,Legs,Strength,Advanced,Treadmill,5,15,30,10,Strength + Advanced + Treadmill,5,No,200,Maintain a steady pace.
43,5,Treadmill Interval Jogging,Full-Body,Strength,Advanced,Treadmill,5,15,30,10,Strength + Advanced + Treadmill,5,No,200,Alternate between jogging and walking.
43,5,Treadmill Incline Jogging,Legs,Strength,Advanced,Treadmill,5,15,30,10,Strength + Advanced + Treadmill,5,No,200,Increase incline gradually.
43,5,Treadmill Cool Down Walk,Full-Body,Strength,Advanced,Treadmill,5,15,30,10,Strength + Advanced + Treadmill,5,No,200,Slow down to a walk.
43,6,Treadmill Hill Sprints,Full-Body,Strength,Advanced,Treadmill,5,15,30,10,Strength + Advanced + Treadmill,5,No,200,Increase incline gradually.
43,6,Treadmill Steady State Jog,Legs,Strength,Advanced,Treadmill,5,15,30,10,Strength + Advanced + Treadmill,5,No,200,Maintain a steady pace.
43,6,Treadmill Interval Jogging,Full-Body,Strength,Advanced,Treadmill,5,15,30,10,Strength + Advanced + Treadmill,5,No,200,Alternate between jogging and walking.
43,6,Treadmill Incline Jogging,Legs,Strength,Advanced,Treadmill,5,15,30,10,Strength + Advanced + Treadmill,5,No,200,Increase incline gradually.
43,6,Treadmill Cool Down Walk,Full-Body,Strength,Advanced,Treadmill,5,15,30,10,Strength + Advanced + Treadmill,5,No,200,Slow down to a walk.
43,7,Treadmill Hill Sprints,Full-Body,Strength,Advanced,Treadmill,5,15,30,10,Strength + Advanced + Treadmill,5,No,200,Increase incline gradually.
43,7,Treadmill Steady State Jog,Legs,Strength,Advanced,Treadmill,5,15,30,10,Strength + Advanced + Treadmill,5,No,200,Maintain a steady pace.
43,7,Treadmill Interval Jogging,Full-Body,Strength,Advanced,Treadmill,5,15,30,10,Strength + Advanced + Treadmill,5,No,200,Alternate between jogging and walking.
43,7,Treadmill Incline Jogging,Legs,Strength,Advanced,Treadmill,5,15,30,10,Strength + Advanced + Treadmill,5,No,200,Increase incline gradually.
43,7,Treadmill Cool Down Walk,Full-Body,Strength,Advanced,Treadmill,5,15,30,10,Strength + Advanced + Treadmill,5,No,200,Slow down to a walk.

44,1,Jumping Jacks,Full-Body,Strength,Advanced,None,5,15,30,10,Strength + Advanced + None,5,No,200,Warm up with light movements.
44,1,Squats,Legs,Strength,Advanced,None,5,15,30,10,Strength + Advanced + None,5,No,200,Focus on form.
44,1,Lunges,Legs,Strength,Advanced,None,5,15,30,10,Strength + Advanced + None,5,No,200,Keep balance.
44,1,Push-Ups,Chest,Strength,Advanced,None,5,15,30,10,Strength + Advanced + None,5,No,200,Modify if needed.
44,1,Rows,Back,Strength,Advanced,None,5,15,30,10,Strength + Advanced + None,5,No,200,Control the movement.
44,2,5 Knees,Full-Body,Strength,Advanced,None,5,15,30,10,Strength + Advanced + None,4,No,200,Engage core.
44,2,Deadlifts,Legs,Strength,Advanced,None,5,15,30,10,Strength + Advanced + None,4,No,200,Keep back straight.
44,2,Shoulder Press,Shoulders,Strength,Advanced,None,5,15,30,10,Strength + Advanced + None,4,No,200,Use controlled motion.
44,2,Bicep Curls,Arms,Strength,Advanced,None,5,15,30,10,Strength + Advanced + None,4,No,200,Focus on biceps.
44,2,Plank,Core,Strength,Advanced,None,5,30,30,10,Strength + Advanced + None,4,No,200,Hold for 30 seconds.
44,3,Burpees,Full-Body,Strength,Advanced,None,5,15,30,10,Strength + Advanced + None,4,No,200,Start slow.
44,3,Step-Ups,Legs,Strength,Advanced,None,5,15,30,10,Strength + Advanced + None,4,No,200,Use a stable platform.
44,3,Chest Press,Chest,Strength,Advanced,None,5,15,30,10,Strength + Advanced + None,4,No,200,Keep elbows close.
44,3,Lat Pulldowns,Back,Strength,Advanced,None,5,15,30,10,Strength + Advanced + None,4,No,200,Use a resistance band.
44,3,Side Plank,Core,Strength,Advanced,None,5,30,30,10,Strength + Advanced + None,4,No,200,Hold for 30 seconds on each side.
44,4,Mountain Climbers,Full-Body,Strength,Advanced,None,5,15,30,10,Strength + Advanced + None,4,No,200,Engage core.
44,4,Bulgarian Split Squats,Legs,Strength,Advanced,None,5,15,30,10,Strength + Advanced + None,4,No,200,Use a bench.
44,4,Incline Bench Press,Chest,Strength,Advanced,None,5,15,30,10,Strength + Advanced + None,4,No,200,Use an incline bench.
44,4,Bent Over Rows,Back,Strength,Advanced,None,5,15,30,10,Strength + Advanced + None,4,No,200,Keep back flat.
44,4,Russian Twists,Core,Strength,Advanced,None,5,30,30,10,Strength + Advanced + None,4,No,200,Control the twist.
44,5,Jump Rope,Full-Body,Strength,Advanced,None,5,15,30,10,Strength + Advanced + None,4,No,200,Simulate jump rope.
44,5,Single Leg Deadlifts,Legs,Strength,Advanced,None,5,15,30,10,Strength + Advanced + None,4,No,200,Keep balance.
44,5,Decline Push-Ups,Chest,Strength,Advanced,None,5,15,30,10,Strength + Advanced + None,4,No,200,Use a bench.
44,5,Face Pulls,Shoulders,Strength,Advanced,None,5,15,30,10,Strength + Advanced + None,4,No,200,Use a resistance band.
44,5,Bicycle Crunches,Core,Strength,Advanced,None,5,30,30,10,Strength + Advanced + None,4,No,200,Control the motion.
44,6,Box Jumps,Full-Body,Strength,Advanced,None,5,15,30,10,Strength + Advanced + None,4,No,200,Use a stable box.
44,6,Glute Bridges,Legs,Strength,Advanced,None,5,15,30,10,Strength + Advanced + None,4,No,200,Engage glutes.
44,6,Dips,Triceps,Strength,Advanced,None,5,15,30,10,Strength + Advanced + None,4,No,200,Use parallel bars.
44,6,Reverse Fly,Shoulders,Strength,Advanced,None,5,15,30,10,Strength + Advanced + None,4,No,200,Control the movement.
44,6,Leg Raises,Core,Strength,Advanced,None,5,30,30,10,Strength + Advanced + None,4,No,200,Keep legs straight.
44,7,Skaters,Full-Body,Strength,Advanced,None,5,15,30,10,Strength + Advanced + None,4,No,200,Engage core.
44,7,Wall Sit,Legs,Strength,Advanced,None,5,30,30,10,Strength + Advanced + None,4,No,200,Hold for 30 seconds.
44,7,Cable Fly,Chest,Strength,Advanced,None,5,15,30,10,Strength + Advanced + None,4,No,200,Use a cable machine.
44,7,Seated Rows,Back,Strength,Advanced,None,5,15,30,10,Strength + Advanced + None,4,No,200,Use a resistance band.
44,7,Plank with Leg Lift,Core,Strength,Advanced,None,5,30,30,10,Strength + Advanced + None,4,No,200,Lift one leg at a time.

45,1,Dumbbell Jumping Jacks,Full-Body,Strength,Advanced,Dumbbell,5,15,30,10,Strength + Advanced + Dumbbell,4,No,200,Warm up with light movements.
45,1,Dumbbell Squats,Legs,Strength,Advanced,Dumbbell,5,15,30,10,Strength + Advanced + Dumbbell,5,No,200,Focus on form.
45,1,Dumbbell Lunges,Legs,Strength,Advanced,Dumbbell,5,15,30,10,Strength + Advanced + Dumbbell,5,No,200,Keep weights heavy.
45,1,Dumbbell Push-Ups,Chest,Strength,Advanced,Dumbbell,5,15,30,10,Strength + Advanced + Dumbbell,5,No,200,Modify if needed.
45,1,Dumbbell Rows,Back,Strength,Advanced,Dumbbell,5,15,30,10,Strength + Advanced + Dumbbell,5,No,200,Control the movement.
45,2,Dumbbell 5 Knees,Full-Body,Strength,Advanced,Dumbbell,5,15,30,10,Strength + Advanced + Dumbbell,5,No,200,Engage core.
45,2,Dumbbell Deadlifts,Legs,Strength,Advanced,Dumbbell,5,15,30,10,Strength + Advanced + Dumbbell,5,No,200,Keep back straight.
45,2,Dumbbell Shoulder Press,Shoulders,Strength,Advanced,Dumbbell,5,15,30,10,Strength + Advanced + Dumbbell,5,No,200,Use controlled motion.
45,2,Dumbbell Bicep Curls,Arms,Strength,Advanced,Dumbbell,5,15,30,10,Strength + Advanced + Dumbbell,5,No,200,Focus on biceps.
45,2,Dumbbell Plank,Core,Strength,Advanced,Dumbbell,5,30,30,10,Strength + Advanced + Dumbbell,5,No,200,Hold for 30 seconds.
45,3,Dumbbell Burpees,Full-Body,Strength,Advanced,Dumbbell,5,15,30,10,Strength + Advanced + Dumbbell,5,No,200,Start slow.
45,3,Dumbbell Step-Ups,Legs,Strength,Advanced,Dumbbell,5,15,30,10,Strength + Advanced + Dumbbell,5,No,200,Use a stable platform.
45,3,Dumbbell Chest Press,Chest,Strength,Advanced,Dumbbell,5,15,30,10,Strength + Advanced + Dumbbell,5,No,200,Keep elbows close.
45,3,Dumbbell Lat Pulldowns,Back,Strength,Advanced,Dumbbell,5,15,30,10,Strength + Advanced + Dumbbell,5,No,200,Use a resistance band.
45,3,Dumbbell Side Plank,Core,Strength,Advanced,Dumbbell,5,30,30,10,Strength + Advanced + Dumbbell,5,No,200,Hold for 30 seconds on each side.
45,4,Dumbbell Mountain Climbers,Full-Body,Strength,Advanced,Dumbbell,5,15,30,10,Strength + Advanced + Dumbbell,5,No,200,Engage core.
45,4,Dumbbell Bulgarian Split Squats,Legs,Strength,Advanced,Dumbbell,5,15,30,10,Strength + Advanced + Dumbbell,5,No,200,Use a bench.
45,4,Dumbbell Incline Bench Press,Chest,Strength,Advanced,Dumbbell,5,15,30,10,Strength + Advanced + Dumbbell,5,No,200,Use an incline bench.
45,4,Dumbbell Bent Over Rows,Back,Strength,Advanced,Dumbbell,5,15,30,10,Strength + Advanced + Dumbbell,5,No,200,Keep back flat.
45,4,Dumbbell Russian Twists,Core,Strength,Advanced,Dumbbell,5,30,30,10,Strength + Advanced + Dumbbell,5,No,200,Control the twist.
45,5,Dumbbell Jump Rope,Full-Body,Strength,Advanced,Dumbbell,5,15,30,10,Strength + Advanced + Dumbbell,5,No,200,Simulate jump rope.
45,5,Dumbbell Single Leg Deadlifts,Legs,Strength,Advanced,Dumbbell,5,15,30,10,Strength + Advanced + Dumbbell,5,No,200,Keep balance.
45,5,Dumbbell Decline Push-Ups,Chest,Strength,Advanced,Dumbbell,5,15,30,10,Strength + Advanced + Dumbbell,5,No,200,Use a bench.
45,5,Dumbbell Face Pulls,Shoulders,Strength,Advanced,Dumbbell,5,15,30,10,Strength + Advanced + Dumbbell,5,No,200,Use a resistance band.
45,5,Dumbbell Bicycle Crunches,Core,Strength,Advanced,Dumbbell,5,30,30,10,Strength + Advanced + Dumbbell,5,No,200,Control the motion.
45,6,Dumbbell Box Jumps,Full-Body,Strength,Advanced,Dumbbell,5,15,30,10,Strength + Advanced + Dumbbell,5,No,200,Use a stable box.
45,6,Dumbbell Glute Bridges,Legs,Strength,Advanced,Dumbbell,5,15,30,10,Strength + Advanced + Dumbbell,5,No,200,Engage glutes.
45,6,Dumbbell Dips,Triceps,Strength,Advanced,Dumbbell,5,15,30,10,Strength + Advanced + Dumbbell,5,No,200,Use parallel bars.
45,6,Dumbbell Reverse Fly,Shoulders,Strength,Advanced,Dumbbell,5,15,30,10,Strength + Advanced + Dumbbell,5,No,200,Control the movement.
45,6,Dumbbell Leg Raises,Core,Strength,Advanced,Dumbbell,5,30,30,10,Strength + Advanced + Dumbbell,5,No,200,Keep legs straight.
45,7,Dumbbell Skaters,Full-Body,Strength,Advanced,Dumbbell,5,15,30,10,Strength + Advanced + Dumbbell,5,No,200,Engage core.
45,7,Dumbbell Wall Sit,Legs,Strength,Advanced,Dumbbell,5,30,30,10,Strength + Advanced + Dumbbell,5,No,200,Hold for 30 seconds.
45,7,Dumbbell Cable Fly,Chest,Strength,Advanced,Dumbbell,5,15,30,10,Strength + Advanced + Dumbbell,5,No,200,Use a cable machine.
45,7,Dumbbell Seated Rows,Back,Strength,Advanced,Dumbbell,5,15,30,10,Strength + Advanced + Dumbbell,5,No,200,Use a resistance band.
45,7,Dumbbell Plank with Leg Lift,Core,Strength,Advanced,Dumbbell,5,30,30,10,Strength + Advanced + Dumbbell,5,No,200,Lift one leg at a time.

46,1,Resistance Band Jumping Jacks,Full-Body,Strength,Advanced,Resistance Band,5,15,30,10,Strength + Advanced + Resistance Band,5,No,200,Warm up with light movements.
46,1,Resistance Band Squats,Legs,Strength,Advanced,Resistance Band,5,15,30,10,Strength + Advanced + Resistance Band,5,No,200,Focus on form.
46,1,Resistance Band Lunges,Legs,Strength,Advanced,Resistance Band,5,15,30,10,Strength + Advanced + Resistance Band,5,No,200,Keep band taut.
46,1,Resistance Band Push-Ups,Chest,Strength,Advanced,Resistance Band,5,15,30,10,Strength + Advanced + Resistance Band,5,No,200,Modify if needed.
46,1,Resistance Band Rows,Back,Strength,Advanced,Resistance Band,5,15,30,10,Strength + Advanced + Resistance Band,5,No,200,Control the movement.
46,2,Resistance Band 5 Knees,Full-Body,Strength,Advanced,Resistance Band,5,15,30,10,Strength + Advanced + Resistance Band,5,No,200,Engage core.
46,2,Resistance Band Deadlifts,Legs,Strength,Advanced,Resistance Band,5,15,30,10,Strength + Advanced + Resistance Band,5,No,200,Keep back straight.
46,2,Resistance Band Shoulder Press,Shoulders,Strength,Advanced,Resistance Band,5,15,30,10,Strength + Advanced + Resistance Band,5,No,200,Use controlled motion.
46,2,Resistance Band Bicep Curls,Arms,Strength,Advanced,Resistance Band,5,15,30,10,Strength + Advanced + Resistance Band,5,No,200,Focus on biceps.
46,2,Resistance Band Plank,Core,Strength,Advanced,Resistance Band,5,30,30,10,Strength + Advanced + Resistance Band,5,No,200,Hold for 30 seconds.
46,3,Resistance Band Burpees,Full-Body,Strength,Advanced,Resistance Band,5,15,30,10,Strength + Advanced + Resistance Band,5,No,200,Start slow.
46,3,Resistance Band Step-Ups,Legs,Strength,Advanced,Resistance Band,5,15,30,10,Strength + Advanced + Resistance Band,5,No,200,Use a stable platform.
46,3,Resistance Band Chest Press,Chest,Strength,Advanced,Resistance Band,5,15,30,10,Strength + Advanced + Resistance Band,5,No,200,Keep elbows close.
46,3,Resistance Band Lat Pulldowns,Back,Strength,Advanced,Resistance Band,5,15,30,10,Strength + Advanced + Resistance Band,5,No,200,Use a resistance band.
46,3,Resistance Band Side Plank,Core,Strength,Advanced,Resistance Band,5,30,30,10,Strength + Advanced + Resistance Band,5,No,200,Hold for 30 seconds on each side.
46,4,Resistance Band Mountain Climbers,Full-Body,Strength,Advanced,Resistance Band,5,15,30,10,Strength + Advanced + Resistance Band,5,No,200,Engage core.
46,4,Resistance Band Bulgarian Split Squats,Legs,Strength,Advanced,Resistance Band,5,15,30,10,Strength + Advanced + Resistance Band,5,No,200,Use a bench.
46,4,Resistance Band Incline Bench Press,Chest,Strength,Advanced,Resistance Band,5,15,30,10,Strength + Advanced + Resistance Band,5,No,200,Use an incline bench.
46,4,Resistance Band Bent Over Rows,Back,Strength,Advanced,Resistance Band,5,15,30,10,Strength + Advanced + Resistance Band,5,No,200,Keep back flat.
46,4,Resistance Band Russian Twists,Core,Strength,Advanced,Resistance Band,5,30,30,10,Strength + Advanced + Resistance Band,5,No,200,Control the twist.
46,5,Resistance Band Jump Rope,Full-Body,Strength,Advanced,Resistance Band,5,15,30,10,Strength + Advanced + Resistance Band,5,No,200,Simulate jump rope.
46,5,Resistance Band Single Leg Deadlifts,Legs,Strength,Advanced,Resistance Band,5,15,30,10,Strength + Advanced + Resistance Band,5,No,200,Keep balance.
46,5,Resistance Band Decline Push-Ups,Chest,Strength,Advanced,Resistance Band,5,15,30,10,Strength + Advanced + Resistance Band,5,No,200,Use a bench.
46,5,Resistance Band Face Pulls,Shoulders,Strength,Advanced,Resistance Band,5,15,30,10,Strength + Advanced + Resistance Band,5,No,200,Use a resistance band.
46,5,Resistance Band Bicycle Crunches,Core,Strength,Advanced,Resistance Band,5,30,30,10,Strength + Advanced + Resistance Band,5,No,200,Control the motion.
46,6,Resistance Band Box Jumps,Full-Body,Strength,Advanced,Resistance Band,5,15,30,10,Strength + Advanced + Resistance Band,5,No,200,Use a stable box.
46,6,Resistance Band Glute Bridges,Legs,Strength,Advanced,Resistance Band,5,15,30,10,Strength + Advanced + Resistance Band,5,No,200,Engage glutes.
46,6,Resistance Band Dips,Triceps,Strength,Advanced,Resistance Band,5,15,30,10,Strength + Advanced + Resistance Band,5,No,200,Use parallel bars.
46,6,Resistance Band Reverse Fly,Shoulders,Strength,Advanced,Resistance Band,5,15,30,10,Strength + Advanced + Resistance Band,5,No,200,Control the movement.
46,6,Resistance Band Leg Raises,Core,Strength,Advanced,Resistance Band,5,30,30,10,Strength + Advanced + Resistance Band,5,No,200,Keep legs straight.
46,7,Resistance Band Skaters,Full-Body,Strength,Advanced,Resistance Band,5,15,30,10,Strength + Advanced + Resistance Band,5,No,200,Engage core.
46,7,Resistance Band Wall Sit,Legs,Strength,Advanced,Resistance Band,5,30,30,10,Strength + Advanced + Resistance Band,5,No,200,Hold for 30 seconds.
46,7,Resistance Band Cable Fly,Chest,Strength,Advanced,Resistance Band,5,15,30,10,Strength + Advanced + Resistance Band,5,No,200,Use a cable machine.
46,7,Resistance Band Seated Rows,Back,Strength,Advanced,Resistance Band,5,15,30,10,Strength + Advanced + Resistance Band,5,No,200,Use a resistance band.
46,7,Resistance Band Plank with Leg Lift,Core,Strength,Advanced,Resistance Band,5,30,30,10,Strength + Advanced + Resistance Band,5,No,200,Lift one leg at a time.

47,1,Treadmill Walking,Full-Body,Strength,Advanced,Treadmill,5,15,30,10,Strength + Advanced + Treadmill,5,No,200,Warm up with a light walk.
47,1,Treadmill Incline Walk,Legs,Strength,Advanced,Treadmill,5,15,30,10,Strength + Advanced + Treadmill,5,No,200,Increase incline gradually.
47,1,Treadmill Jogging,Full-Body,Strength,Advanced,Treadmill,5,15,30,10,Strength + Advanced + Treadmill,5,No,200,Start with a fast jog.
47,1,Treadmill Interval Walking,Legs,Strength,Advanced,Treadmill,5,15,30,10,Strength + Advanced + Treadmill,5,No,200,Alternate between walking and jogging.
47,1,Treadmill Cool Down,Full-Body,Strength,Advanced,Treadmill,5,15,30,10,Strength + Advanced + Treadmill,5,No,200,Slow down to a walk.
47,2,Treadmill Hill Walking,Full-Body,Strength,Advanced,Treadmill,5,15,30,10,Strength + Advanced + Treadmill,5,No,200,Engage glutes and hamstrings.
47,2,Treadmill Steady State Jog,Legs,Strength,Advanced,Treadmill,5,15,30,10,Strength + Advanced + Treadmill,5,No,200,Maintain a steady pace.
47,2,Treadmill Interval Jogging,Full-Body,Strength,Advanced,Treadmill,5,15,30,10,Strength + Advanced + Treadmill,5,No,200,Alternate between jogging and walking.
47,2,Treadmill Incline Jogging,Legs,Strength,Advanced,Treadmill,5,15,30,10,Strength + Advanced + Treadmill,5,No,200,Increase incline gradually.
47,2,Treadmill Cool Down Walk,Full-Body,Strength,Advanced,Treadmill,5,15,30,10,Strength + Advanced + Treadmill,5,No,200,Slow down to a walk.
47,3,Treadmill Hill Sprints,Full-Body,Strength,Advanced,Treadmill,5,15,30,10,Strength + Advanced + Treadmill,5,No,200,Increase incline gradually.
47,3,Treadmill Steady State Jog,Legs,Strength,Advanced,Treadmill,5,15,30,10,Strength + Advanced + Treadmill,5,No,200,Maintain a steady pace.
47,3,Treadmill Interval Jogging,Full-Body,Strength,Advanced,Treadmill,5,15,30,10,Strength + Advanced + Treadmill,5,No,200,Alternate between jogging and walking.
47,3,Treadmill Incline Jogging,Legs,Strength,Advanced,Treadmill,5,15,30,10,Strength + Advanced + Treadmill,5,No,200,Increase incline gradually.
47,3,Treadmill Cool Down Walk,Full-Body,Strength,Advanced,Treadmill,5,15,30,10,Strength + Advanced + Treadmill,5,No,200,Slow down to a walk.
47,4,Treadmill Hill Sprints,Full-Body,Strength,Advanced,Treadmill,5,15,30,10,Strength + Advanced + Treadmill,5,No,200,Increase incline gradually.
47,4,Treadmill Steady State Jog,Legs,Strength,Advanced,Treadmill,5,15,30,10,Strength + Advanced + Treadmill,5,No,200,Maintain a steady pace.
47,4,Treadmill Interval Jogging,Full-Body,Strength,Advanced,Treadmill,5,15,30,10,Strength + Advanced + Treadmill,5,No,200,Alternate between jogging and walking.
47,4,Treadmill Incline Jogging,Legs,Strength,Advanced,Treadmill,5,15,30,10,Strength + Advanced + Treadmill,5,No,200,Increase incline gradually.
47,4,Treadmill Cool Down Walk,Full-Body,Strength,Advanced,Treadmill,5,15,30,10,Strength + Advanced + Treadmill,5,No,200,Slow down to a walk.
47,5,Treadmill Hill Sprints,Full-Body,Strength,Advanced,Treadmill,5,15,30,10,Strength + Advanced + Treadmill,5,No,200,Increase incline gradually.
47,5,Treadmill Steady State Jog,Legs,Strength,Advanced,Treadmill,5,15,30,10,Strength + Advanced + Treadmill,5,No,200,Maintain a steady pace.
47,5,Treadmill Interval Jogging,Full-Body,Strength,Advanced,Treadmill,5,15,30,10,Strength + Advanced + Treadmill,5,No,200,Alternate between jogging and walking.
47,5,Treadmill Incline Jogging,Legs,Strength,Advanced,Treadmill,5,15,30,10,Strength + Advanced + Treadmill,5,No,200,Increase incline gradually.
47,5,Treadmill Cool Down Walk,Full-Body,Strength,Advanced,Treadmill,5,15,30,10,Strength + Advanced + Treadmill,5,No,200,Slow down to a walk.
47,6,Treadmill Hill Sprints,Full-Body,Strength,Advanced,Treadmill,5,15,30,10,Strength + Advanced + Treadmill,5,No,200,Increase incline gradually.
47,6,Treadmill Steady State Jog,Legs,Strength,Advanced,Treadmill,5,15,30,10,Strength + Advanced + Treadmill,5,No,200,Maintain a steady pace.
47,6,Treadmill Interval Jogging,Full-Body,Strength,Advanced,Treadmill,5,15,30,10,Strength + Advanced + Treadmill,5,No,200,Alternate between jogging and walking.
47,6,Treadmill Incline Jogging,Legs,Strength,Advanced,Treadmill,5,15,30,10,Strength + Advanced + Treadmill,5,No,200,Increase incline gradually.
47,6,Treadmill Cool Down Walk,Full-Body,Strength,Advanced,Treadmill,5,15,30,10,Strength + Advanced + Treadmill,5,No,200,Slow down to a walk.
47,7,Treadmill Hill Sprints,Full-Body,Strength,Advanced,Treadmill,5,15,30,10,Strength + Advanced + Treadmill,5,No,200,Increase incline gradually.
47,7,Treadmill Steady State Jog,Legs,Strength,Advanced,Treadmill,5,15,30,10,Strength + Advanced + Treadmill,5,No,200,Maintain a steady pace.
47,7,Treadmill Interval Jogging,Full-Body,Strength,Advanced,Treadmill,5,15,30,10,Strength + Advanced + Treadmill,5,No,200,Alternate between jogging and walking.
47,7,Treadmill Incline Jogging,Legs,Strength,Advanced,Treadmill,5,15,30,10,Strength + Advanced + Treadmill,5,No,200,Increase incline gradually.
47,7,Treadmill Cool Down Walk,Full-Body,Strength,Advanced,Treadmill,5,15,30,10,Strength + Advanced + Treadmill,5,No,200,Slow down to a walk.

48,1,Jumping Jacks,Full-Body,Strength,Advanced,None,5,15,30,10,Strength + Advanced + None,5,No,200,Warm up with light movements.
48,1,Squats,Legs,Strength,Advanced,None,5,15,30,10,Strength + Advanced + None,5,No,200,Focus on form.
48,1,Lunges,Legs,Strength,Advanced,None,5,15,30,10,Strength + Advanced + None,5,No,200,Keep balance.
48,1,Push-Ups,Chest,Strength,Advanced,None,5,15,30,10,Strength + Advanced + None,5,No,200,Modify if needed.
48,1,Rows,Back,Strength,Advanced,None,5,15,30,10,Strength + Advanced + None,5,No,200,Control the movement.
48,2,5 Knees,Full-Body,Strength,Advanced,None,5,15,30,10,Strength + Advanced + None,4,No,200,Engage core.
48,2,Deadlifts,Legs,Strength,Advanced,None,5,15,30,10,Strength + Advanced + None,4,No,200,Keep back straight.
48,2,Shoulder Press,Shoulders,Strength,Advanced,None,5,15,30,10,Strength + Advanced + None,4,No,200,Use controlled motion.
48,2,Bicep Curls,Arms,Strength,Advanced,None,5,15,30,10,Strength + Advanced + None,4,No,200,Focus on biceps.
48,2,Plank,Core,Strength,Advanced,None,5,30,30,10,Strength + Advanced + None,4,No,200,Hold for 30 seconds.
48,3,Burpees,Full-Body,Strength,Advanced,None,5,15,30,10,Strength + Advanced + None,4,No,200,Start slow.
48,3,Step-Ups,Legs,Strength,Advanced,None,5,15,30,10,Strength + Advanced + None,4,No,200,Use a stable platform.
48,3,Chest Press,Chest,Strength,Advanced,None,5,15,30,10,Strength + Advanced + None,4,No,200,Keep elbows close.
48,3,Lat Pulldowns,Back,Strength,Advanced,None,5,15,30,10,Strength + Advanced + None,4,No,200,Use a resistance band.
48,3,Side Plank,Core,Strength,Advanced,None,5,30,30,10,Strength + Advanced + None,4,No,200,Hold for 30 seconds on each side.
48,4,Mountain Climbers,Full-Body,Strength,Advanced,None,5,15,30,10,Strength + Advanced + None,4,No,200,Engage core.
48,4,Bulgarian Split Squats,Legs,Strength,Advanced,None,5,15,30,10,Strength + Advanced + None,4,No,200,Use a bench.
48,4,Incline Bench Press,Chest,Strength,Advanced,None,5,15,30,10,Strength + Advanced + None,4,No,200,Use an incline bench.
48,4,Bent Over Rows,Back,Strength,Advanced,None,5,15,30,10,Strength + Advanced + None,4,No,200,Keep back flat.
48,4,Russian Twists,Core,Strength,Advanced,None,5,30,30,10,Strength + Advanced + None,4,No,200,Control the twist.
48,5,Jump Rope,Full-Body,Strength,Advanced,None,5,15,30,10,Strength + Advanced + None,4,No,200,Simulate jump rope.
48,5,Single Leg Deadlifts,Legs,Strength,Advanced,None,5,15,30,10,Strength + Advanced + None,4,No,200,Keep balance.
48,5,Decline Push-Ups,Chest,Strength,Advanced,None,5,15,30,10,Strength + Advanced + None,4,No,200,Use a bench.
48,5,Face Pulls,Shoulders,Strength,Advanced,None,5,15,30,10,Strength + Advanced + None,4,No,200,Use a resistance band.
48,5,Bicycle Crunches,Core,Strength,Advanced,None,5,30,30,10,Strength + Advanced + None,4,No,200,Control the motion.
48,6,Box Jumps,Full-Body,Strength,Advanced,None,5,15,30,10,Strength + Advanced + None,4,No,200,Use a stable box.
48,6,Glute Bridges,Legs,Strength,Advanced,None,5,15,30,10,Strength + Advanced + None,4,No,200,Engage glutes.
48,6,Dips,Triceps,Strength,Advanced,None,5,15,30,10,Strength + Advanced + None,4,No,200,Use parallel bars.
48,6,Reverse Fly,Shoulders,Strength,Advanced,None,5,15,30,10,Strength + Advanced + None,4,No,200,Control the movement.
48,6,Leg Raises,Core,Strength,Advanced,None,5,30,30,10,Strength + Advanced + None,4,No,200,Keep legs straight.
48,7,Skaters,Full-Body,Strength,Advanced,None,5,15,30,10,Strength + Advanced + None,4,No,200,Engage core.
48,7,Wall Sit,Legs,Strength,Advanced,None,5,30,30,10,Strength + Advanced + None,4,No,200,Hold for 30 seconds.
48,7,Cable Fly,Chest,Strength,Advanced,None,5,15,30,10,Strength + Advanced + None,4,No,200,Use a cable machine.
48,7,Seated Rows,Back,Strength,Advanced,None,5,15,30,10,Strength + Advanced + None,4,No,200,Use a resistance band.
48,7,Plank with Leg Lift,Core,Strength,Advanced,None,5,30,30,10,Strength + Advanced + None,4,No,200,Lift one leg at a time.